userID,itemID,rating
10359991,Caffeine,7
10359991,Adrafinil,5
10359991,Agmatine,5
10359991,Ginkgo Biloba,1
10359991,Pregenolone,1
10359991,Niacin,3
10359991,Theanine,3
10359991,Ashwagandha,4
10359991,Tyrosine,6
10359991,Phenibut,7
10359991,Valerian Root,5
10359991,Choline,3
10359991,Ginseng,1
10359991,CBD,3
10359991,Theacrine (aka Teacrine),6
10359991,Magnesium,5
10359991,Trying to get more sleep,5
10359991,Nicotine,6
10359991,Creatine,1
10359991,Adderall,9
10359991,Kratom,10
10359991,Omega-3 Supplements,3
10359991,Melatonin,6
10359991,"SSRIs (Prozac, Lexapro...)",6
10374536,Phosphatidylserine,7
10374536,Piracetam,6
10374536,Theanine,7
10374536,"7,8-dihydroxyflavone",4
10374536,Alpha-GPC,8
10374536,Glycine,9
10374536,Creatine,9
10374536,Berberine,0
10374536,Trying to get more sleep,9
10374536,Tyrosine,6
10374536,Bright lights in morning / Dawn simulator,10
10374536,Lemon balm,6
10374536,Cordyceps,5
10374536,Caffeine,7
10374536,Omega-3 Supplements,7
10374536,Black Seed Oil,8
10374536,Curcumin,9
10374536,N-acetyl Cysteine (NAC),5
10374536,Melatonin,9
10374536,Nicotine,8
10374536,Phenibut,3
10374536,PRL-8-53,5
10374536,Fasoracetam,9
10374536,Noopept,9
10374536,Ashwagandha,4
10374536,Bacopa,7
10374536,Magnesium,8
10374536,ALCAR,7
10374536,GABA,5
10374536,Agmatine,6
10518152,Trying to get less sleep,0
10518152,Vegetarian diet,10
10518152,Trying to get more sleep,10
10518152,Inositol,2
10518152,Rhodiola,0
10518152,Omega-3 Supplements,1
10518152,Theanine,0
10518152,Black Seed Oil,5
10518152,Saffron,4
10518152,N-acetyl Cysteine (NAC),1
10518152,Kava,4
10518152,Niacin,0
10518152,Ginseng,2
10518152,Bright lights in morning / Dawn simulator,8
10518152,Caffeine,7
10518152,Magnesium,9
10518152,Lemon balm,1
10518152,Melatonin,6
10518152,Methylene blue,0
11119290,LSD (microdose),5
11119290,Bright lights in morning / Dawn simulator,6
11119290,Trying to get more sleep,6
11119290,Phenylpiracetam,8
11119290,Noopept,5
11119290,Carnivore diet,4
11119290,Choline,2
11119290,Creatine,3
11119290,Alpha-GPC,4
11119290,"Fermented drinks (Kefir, Kombucha...)",1
11119290,Glycine,1
11119290,CBD,3
11119290,Adderall,5
11119290,Caffeine,7
11119290,N-acetyl Cysteine (NAC),1
11119290,Omega-3 Supplements,3
11119290,Melatonin,0
11119290,Tryptophan,1
11119290,Nicotine,6
11119290,Magnesium,4
11621031,Alprazolam (Xanax),4
11621031,Melatonin,6
11621031,Vegan diet,10
11621031,Bright lights in morning / Dawn simulator,5
11621031,Nicotine,8
11621031,"Fermented drinks (Kefir, Kombucha...)",2
11621031,Trying to get more sleep,10
11621031,Modafinil,10
11621031,Caffeine,8
11621031,Armodafinil,10
11621031,Red reishi mushrooms,3
11621031,Adderall,9
11621031,Kratom,7
11621031,Vegetarian diet,10
11621031,Omega-3 Supplements,4
11621031,Psilocybin (microdose),10
11621031,Theanine,7
11621031,Dextroamphetamine (Speed),9
11621031,CBD,4
11621031,LSD (microdose),10
11629779,Modafinil,8
11629779,Caffeine,6
11629779,Omega-3 Supplements,5
11629779,Theanine,7
11629779,Melatonin,1
11629779,Piracetam,4
11629779,Phenibut,4
11629779,Adderall,8
11629779,Nicotine,3
11731695,Bright lights in morning / Dawn simulator,10
11731695,5-HTP,4
11731695,Lemon balm,3
11731695,Ginseng,8
11731695,St John's Wort,1
11731695,Valerian Root,6
11731695,Huperzine-A,6
11731695,Noopept,10
11731695,Bacopa,5
11731695,Inositol,6
11731695,Curcumin,5
11731695,Choline,5
11731695,Creatine,9
11731695,Glycine,5
11731695,Niacin,7
11731695,Theanine,5
11731695,Methylphenidate (Ritalin),10
11731695,Omega-3 Supplements,8
11731695,LSD (microdose),9
11731695,Selegiline,0
11731695,"Bupropion (Wellbutrin, Zyban...)",8
11731695,Alprazolam (Xanax),2
11731695,Agmatine,5
11731695,Kratom,4
11731695,Alpha-GPC,7
11731695,Trying to get more sleep,4
11731695,Picamilon,2
11731695,N-acetyl Cysteine (NAC),7
11731695,Kava,3
11731695,MAOIs (except Selegiline),7
11731695,Maca,6
11731695,Trying to get less sleep,7
11731695,CBD,6
11731695,Melatonin,3
11731695,Carnitine / Acetyl-L-Carnitine,8
11731695,Magnesium,8
11731695,Rhodiola,5
11731695,Ginkgo Biloba,6
11731695,Caffeine,9
11731695,N-Acetyl-L-Tyrosine,5
11731695,No Fap (or otherwise avoiding masturbation),5
11731695,Adderall,7
11731695,"SSRIs (Prozac, Lexapro...)",0
11731695,Psilocybin (microdose),10
11731695,Sulbutiamine,10
11731695,Tryptophan,5
11731695,Nicotine,8
11731695,Adrafinil,4
12051783,Tyrosine,4
12051783,Kratom,4
12051783,N-acetyl Cysteine (NAC),8
12051783,Ginkgo Biloba,0
12051783,Curcumin,3
12051783,Psilocybin (microdose),8
12051783,LSD (microdose),6
12051783,Glycine,4
12051783,Vegetarian diet,8
12051783,Nicotine,7
12051783,Noopept,10
12051783,CBD,8
12051783,Trying to get less sleep,1
12051783,Trying to get more sleep,7
12051783,Theanine,8
12051783,Melatonin,1
12051783,Alprazolam (Xanax),2
12051783,No Fap (or otherwise avoiding masturbation),9
12051783,Caffeine,2
12051783,5-HTP,9
12051783,Methylphenidate (Ritalin),6
12051783,Omega-3 Supplements,8
12051783,Magnesium,6
12051783,Tryptophan,3
14032156,Modafinil,5
14032156,CBD,2
14032156,Caffeine,7
14032156,Bright lights in morning / Dawn simulator,7
14032156,Omega-3 Supplements,2
14032156,Phenylpiracetam,7
14032156,Creatine,3
14032156,Magnesium,6
14032156,Adrafinil,5
14032156,Trying to get more sleep,2
14032156,Curcumin,2
14032156,Kratom,4
14032156,Adderall,10
14032156,Noopept,4
14032156,Nicotine,6
14032156,Phenibut,6
14032156,Aniracetam,3
14032156,Ashwagandha,4
14032156,St John's Wort,2
14206819,Magnesium,0
14206819,Theanine,10
14206819,Caffeine,10
14206819,Ketogenic diet,3
14206819,Melatonin,0
16421609,LSD (microdose),6
16421609,Magnesium,5
16421609,Omega-3 Supplements,2
16421609,Caffeine,6
16421609,Melatonin,8
16421609,CBD,0
16421609,Bright lights in morning / Dawn simulator,5
16421609,Nicotine,5
16421609,Modafinil,8
16421609,Noopept,0
16421609,Inositol,1
16421609,PRL-8-53,0
16421609,Rhodiola,2
16421609,Theanine,4
16421609,Phenibut,10
16421609,Niacin,2
16421609,No Fap (or otherwise avoiding masturbation),9
16421609,Creatine,4
16421609,"Bupropion (Wellbutrin, Zyban...)",2
16421609,Choline,2
16421609,Methylphenidate (Ritalin),8
16421609,"Fermented drinks (Kefir, Kombucha...)",0
16421609,Ketogenic diet,4
16520412,Omega-3 Supplements,5
16520412,Bacopa,5
16520412,Melatonin,7
16520412,Trying to get more sleep,2
16520412,Caffeine,7
16693382,Ashwagandha,4
16693382,Dextroamphetamine (Speed),10
16693382,Glycine,6
16693382,No Fap (or otherwise avoiding masturbation),7
16693382,Nicotine,8
16693382,Adderall,10
16693382,Tyrosine,7
16693382,Carnivore diet,8
16693382,Carnitine / Acetyl-L-Carnitine,2
16693382,CBD,0
16693382,Alpha-GPC,7
16693382,Creatine,8
16693382,Psilocybin (microdose),7
16693382,Phenibut,2
16693382,Theanine,4
16693382,Trying to get more sleep,8
16693382,Alprazolam (Xanax),10
16693382,LSD (microdose),8
16693382,Magnesium,9
16693382,Caffeine,0
16693382,Omega-3 Supplements,5
16693382,Modafinil,4
16693382,Methylphenidate (Ritalin),10
16693382,Choline,8
16693382,Melatonin,7
16775625,"Fermented drinks (Kefir, Kombucha...)",0
16775625,Trying to get more sleep,8
17381011,Trying to get more sleep,10
17381011,"SSRIs (Prozac, Lexapro...)",8
17381011,Piracetam,0
17381011,Niacin,3
17381011,Modafinil,8
17381011,Ginkgo Biloba,0
17381011,Alpha-GPC,0
17381011,Berberine,0
17381011,Melatonin,0
17381011,CBD,8
17381011,Ashwagandha,8
17381011,SAM-e,0
17381011,Inositol,0
17381011,Lion's Mane,0
17381011,Curcumin,2
17381011,N-acetyl Cysteine (NAC),0
17381011,Ginseng,0
17381011,Theanine,6
17381011,Magnesium,0
17381011,Rhodiola,0
17381011,Probiotics,8
17381011,Caffeine,10
17381011,Vegan diet,10
17381011,Noopept,0
17381011,Vegetarian diet,10
17381011,N-Acetyl-L-Tyrosine,0
17381011,Creatine,2
17381011,Saffron,0
17381011,Nicotine,8
17381011,Choline,0
17381011,Bacopa,0
17381011,"Fermented drinks (Kefir, Kombucha...)",0
17381011,5-HTP,0
17381011,Omega-3 Supplements,2
17476872,Nicotine,8
17476872,Modafinil,6
17476872,Curcumin,5
17476872,Rhodiola,1
17476872,N-Acetyl-L-Tyrosine,4
17476872,Theanine,7
17476872,Noopept,6
17476872,5-HTP,3
17476872,Adderall,9
17476872,Omega-3 Supplements,5
17476872,Melatonin,8
17476872,Dextroamphetamine (Speed),9
17476872,Lion's Mane,3
17476872,Aniracetam,8
17476872,CBD,8
17476872,Ketogenic diet,8
17476872,Alprazolam (Xanax),7
17476872,St John's Wort,2
17476872,N-acetyl Cysteine (NAC),7
17476872,Kratom,6
17476872,Bacopa,7
17476872,Ashwagandha,6
17476872,Magnesium,5
17476872,Bright lights in morning / Dawn simulator,9
17476872,Trying to get more sleep,7
17476872,LSD (microdose),4
17476872,Caffeine,7
17777549,Ketogenic diet,5
17777549,"SNRIs (Cymbalta, Effexor...)",10
17777549,"SSRIs (Prozac, Lexapro...)",0
17777549,Niacin,5
17777549,Bright lights in morning / Dawn simulator,10
17777549,Saffron,2
17777549,Psilocybin (microdose),9
17777549,Caffeine,5
17777549,Ashwagandha,2
17777549,Adderall,0
17777549,Ginkgo Biloba,2
17777549,CBD,10
17777549,5-HTP,4
17777549,Ginseng,5
17777549,"Fermented drinks (Kefir, Kombucha...)",7
17777549,N-acetyl Cysteine (NAC),5
17777549,LSD (microdose),10
17777549,Curcumin,2
17777549,Melatonin,7
17777549,No Fap (or otherwise avoiding masturbation),6
17777549,Probiotics,5
17777549,Trying to get more sleep,10
17777549,Methylphenidate (Ritalin),1
17797735,Ginkgo Biloba,1
17797735,Modafinil,7
17797735,Ashwagandha,1
17797735,Trying to get more sleep,1
17797735,Caffeine,5
17797735,Omega-3 Supplements,1
17797735,Magnesium,1
17797735,Nicotine,5
17797735,Ginseng,1
17797735,Melatonin,1
17976522,Ginkgo Biloba,0
17976522,Magnesium,1
17976522,Nicotine,0
17976522,Valerian Root,0
17976522,N-acetyl Cysteine (NAC),10
17976522,Theacrine (aka Teacrine),2
17976522,Rhodiola,2
17976522,Huperzine-A,5
17976522,Omega-3 Supplements,4
17976522,ALCAR,2
17976522,Choline,5
17976522,Boswellia,4
17976522,Bacopa,7
17976522,Creatine,9
17976522,"Bupropion (Wellbutrin, Zyban...)",6
17976522,Caffeine,4
17976522,Ketogenic diet,8
17976522,"SSRIs (Prozac, Lexapro...)",0
17976522,Probiotics,4
17976522,Carnitine / Acetyl-L-Carnitine,2
17976522,SAM-e,2
17976522,Curcumin,5
17976522,Melatonin,8
17976522,Ginseng,3
17976522,Tyrosine,10
17976522,5-HTP,2
17976522,Maca,2
18140812,Phenylpiracetam,5
18140812,Theanine,6
18140812,Nicotine,5
18140812,Maca,6
18140812,Omega-3 Supplements,6
18140812,Melatonin,8
18140812,Caffeine,7
18140812,"Fermented drinks (Kefir, Kombucha...)",4
18140812,Adderall,8
18140812,Phenibut,7
18140812,Psilocybin (microdose),5
18140812,Curcumin,5
18140812,"SSRIs (Prozac, Lexapro...)",6
18140812,Tyrosine,5
18140812,N-acetyl Cysteine (NAC),7
18140812,Ginkgo Biloba,2
18140812,Vegetarian diet,6
18140812,5-HTP,2
18140812,Magnesium,7
18140812,Trying to get more sleep,5
18140812,N-Acetyl-L-Tyrosine,6
18140812,Tianeptine,4
18140812,Ginseng,2
18140812,Ashwagandha,7
19247148,Magnesium,5
19247148,Caffeine,9
19247148,Methylphenidate (Ritalin),0
19247148,5-HTP,0
19247148,LSD (microdose),7
19247148,CBD,6
19247148,"Bupropion (Wellbutrin, Zyban...)",0
19247148,Nicotinamide mononucleotide,0
19247148,Bright lights in morning / Dawn simulator,0
19247148,Trying to get more sleep,7
19247148,"SSRIs (Prozac, Lexapro...)",0
19247148,Probiotics,1
19247148,Psilocybin (microdose),5
19247148,Theanine,5
19247148,Melatonin,8
19247148,Nicotine,7
19247148,No Fap (or otherwise avoiding masturbation),5
21229757,No Fap (or otherwise avoiding masturbation),1
21229757,Ginkgo Biloba,2
21229757,Glycine,4
21229757,Magnesium,0
21229757,Noopept,8
21229757,Caffeine,5
21229757,Ashwagandha,0
21229757,Valerian Root,4
21229757,Melatonin,7
21229757,Piracetam,9
21229757,Ketogenic diet,3
21229757,Carnivore diet,6
21229757,ALCAR,0
21229757,Nicotine,0
21229757,Tryptophan,1
21229757,Theanine,0
21229757,Creatine,8
21229757,Maca,2
21229757,Probiotics,0
21229757,Agmatine,4
21229757,Ginseng,3
21229757,Tyrosine,0
21229757,N-acetyl Cysteine (NAC),1
21229757,5-HTP,3
21229757,Trying to get less sleep,0
21229757,Bright lights in morning / Dawn simulator,5
21229757,Cordyceps,7
21229757,Psilocybin (microdose),10
21229757,Huperzine-A,4
21229757,Trying to get more sleep,0
21229757,Phenibut,1
21229757,Niacin,0
21229757,"Fermented drinks (Kefir, Kombucha...)",0
21229757,GABA,0
21229757,Omega-3 Supplements,0
21229757,Choline,1
22474971,Glycine,7
22474971,BPC-157,6
22474971,Caffeine,4
22474971,Omega-3 Supplements,7
22474971,Ketogenic diet,4
22474971,CBD,6
22474971,SAM-e,3
22474971,5-HTP,6
22474971,Theanine,5
22474971,No Fap (or otherwise avoiding masturbation),8
22474971,Tyrosine,2
22474971,Bright lights in morning / Dawn simulator,7
22474971,Niacin,6
22474971,Creatine,4
22474971,Bromantane,8
22474971,Pregenolone,6
22474971,Rhodiola,5
22474971,LSD (microdose),6
22474971,Selegiline,2
22474971,Melatonin,6
22474971,Semax (or NA-Semax etc),4
22474971,N-acetyl Cysteine (NAC),6
22474971,Noopept,5
22474971,Bacopa,0
22474971,Kava,6
22474971,Magnesium,6
22474971,Trying to get more sleep,6
22474971,Ashwagandha,7
22474971,Nicotine,3
22474971,Ginseng,0
22474971,Phenibut,7
22474971,Black Seed Oil,5
22474971,"Fermented drinks (Kefir, Kombucha...)",6
22474971,Curcumin,4
23034836,Theanine,3
23034836,GABA,0
23034836,Modafinil,7
23034836,Omega-3 Supplements,1
23034836,Piracetam,2
23034836,Aniracetam,3
23034836,Trying to get more sleep,0
23034836,LSD (microdose),0
23034836,Armodafinil,7
23034836,Phenylpiracetam,6
23034836,Choline,2
23034836,Caffeine,8
23034836,Magnesium,0
23034836,Noopept,2
23034836,Ketogenic diet,4
26294647,Adderall,8
2631487,Magnesium,1
2631487,Phenibut,5
2631487,Piracetam,2
2631487,Ashwagandha,2
2631487,Phenylpiracetam,2
2631487,Noopept,1
2631487,Omega-3 Supplements,0
2631487,Kratom,5
2631487,"Fermented drinks (Kefir, Kombucha...)",1
2631487,Creatine,2
2631487,LSD (microdose),3
2631487,Rhodiola,1
2631487,Lemon balm,3
2631487,Alpha-GPC,5
26393533,No Fap (or otherwise avoiding masturbation),3
26393533,Omega-3 Supplements,1
26393533,Magnesium,3
26393533,Trying to get more sleep,3
26393533,CBD,1
26393533,Creatine,0
26393533,Caffeine,7
26393533,Adderall,10
26393533,Melatonin,1
26393533,Nicotine,2
27007379,Kava,3
27007379,LSD (microdose),2
27007379,ALCAR,7
27007379,Maca,5
27007379,Adderall,1
27007379,Rhodiola,8
27007379,Kanna (except Zembrin),1
27007379,N-acetyl Cysteine (NAC),1
27007379,Vegan diet,1
27007379,"Bupropion (Wellbutrin, Zyban...)",3
27007379,Omega-3 Supplements,1
27007379,Ginkgo Biloba,8
27007379,"Fermented drinks (Kefir, Kombucha...)",1
27007379,Phenibut,1
27007379,Carnitine / Acetyl-L-Carnitine,1
27007379,5-HTP,2
27007379,"SSRIs (Prozac, Lexapro...)",0
27007379,Niacin,1
27007379,Creatine,1
27007379,Nicotine,1
27007379,St John's Wort,9
27007379,Piracetam,2
27007379,Red reishi mushrooms,1
27007379,Theanine,2
27007379,GABA,1
27007379,Cordyceps,1
27007379,Choline,1
27007379,Kratom,7
27007379,CBD,2
27007379,Aniracetam,1
27007379,Melatonin,1
27007379,Ginseng,1
27007379,Ashwagandha,1
27007379,SAM-e,2
27007379,Shilajit,1
27007379,Lemon balm,2
27007379,Psilocybin (microdose),9
27007379,Magnesium,1
27007379,Black Seed Oil,1
27007379,Lion's Mane,1
27007379,Vegetarian diet,8
27007379,No Fap (or otherwise avoiding masturbation),0
27007379,Valerian Root,3
27007379,Caffeine,5
27007379,Curcumin,1
29098788,Theanine,0
29098788,Caffeine,6
29098788,No Fap (or otherwise avoiding masturbation),0
29098788,Melatonin,0
29098788,Ginkgo Biloba,0
29098788,Trying to get less sleep,0
29098788,Trying to get more sleep,0
29098788,Omega-3 Supplements,1
29543447,Phenibut,10
29543447,Ginkgo Biloba,2
29543447,Theanine,9
29543447,Ginseng,0
29543447,CBD,0
29543447,Phosphatidylserine,0
29543447,Ketogenic diet,10
29543447,Psilocybin (microdose),9
29543447,Piracetam,7
29543447,Caffeine,5
29543447,LSD (microdose),7
29543447,Lion's Mane,0
29543447,"SNRIs (Cymbalta, Effexor...)",10
29543447,Choline,1
29543447,Kava,0
29543447,Tianeptine,1
29543447,Maca,6
29543447,Inositol,3
29543447,Omega-3 Supplements,3
29543447,Aniracetam,6
29543447,Trying to get less sleep,0
29543447,"SSRIs (Prozac, Lexapro...)",0
29543447,Vegan diet,7
29543447,Phenylpiracetam,8
29543447,Nicotine,8
29543447,Modafinil,0
29543447,Tyrosine,5
29543447,Guanfacine,3
29543447,Sulbutiamine,3
29543447,"Fermented drinks (Kefir, Kombucha...)",0
29543447,Noopept,5
29543447,Ashwagandha,8
29543447,Agmatine,0
29543447,Adrafinil,0
29543447,DMAE,4
29543447,Trying to get more sleep,7
29543447,Adderall,10
29543447,ALCAR,6
29543447,Armodafinil,0
29543447,Magnesium,7
29543447,Creatine,7
29543447,Niacin,2
29543447,Kratom,8
29543447,"Bupropion (Wellbutrin, Zyban...)",0
29543447,N-acetyl Cysteine (NAC),7
29543447,Alprazolam (Xanax),9
29543447,Melatonin,9
29543447,Bright lights in morning / Dawn simulator,4
29543447,Bacopa,0
29543447,No Fap (or otherwise avoiding masturbation),0
29543447,N-Acetyl-L-Tyrosine,3
29543447,Carnitine / Acetyl-L-Carnitine,4
29543447,Tryptophan,7
29543447,Rhodiola,0
29543447,5-HTP,4
30461508,Shilajit,4
30461508,Agmatine,5
30461508,Maca,3
30461508,Omega-3 Supplements,3
30461508,Tryptophan,4
30461508,"Fermented drinks (Kefir, Kombucha...)",5
30461508,Bacopa,2
30461508,Piracetam,6
30461508,Caffeine,5
30461508,N-acetyl Cysteine (NAC),6
30461508,Sarcosine,4
30461508,Melatonin,5
30461508,Methylliberine (aka Dynamine),5
30461508,GABA,2
30461508,Methylene blue,8
30461508,Alpha-GPC,7
30461508,Theanine,8
30461508,Berberine,6
30461508,Lion's Mane,4
30461508,St John's Wort,5
30461508,ALCAR,8
30461508,Ginkgo Biloba,2
30461508,Bright lights in morning / Dawn simulator,1
30461508,Nicotinamide mononucleotide,8
30461508,Ashwagandha,5
30461508,Creatine,7
30461508,Magnesium,3
30461508,Theacrine (aka Teacrine),6
30461508,Glycine,4
30461508,Polygala tenuifolia,5
30461508,Tianeptine,7
30461508,Curcumin,6
30461508,5-HTP,3
30461508,Adrafinil,4
30461508,Fasoracetam,4
30461508,Lemon balm,5
30461508,Choline,4
30461508,Carnivore diet,5
30461508,Phenibut,5
30461508,Nicotinamide riboside,8
30461508,Huperzine-A,3
30461508,Carnitine / Acetyl-L-Carnitine,8
30461508,Valerian Root,3
30461508,Phenylpiracetam,7
30461508,Ketogenic diet,5
30582445,Phenibut,7
30582445,Modafinil,6
30582445,Adderall,10
30949521,Magnesium,0
30949521,Nicotine,5
30949521,Ashwagandha,4
30949521,"Fermented drinks (Kefir, Kombucha...)",6
30949521,Adderall,9
30949521,CBD,5
30949521,Bacopa,3
30949521,Creatine,4
30949521,Melatonin,8
30949521,Caffeine,7
30949521,Ketogenic diet,3
30949521,Theanine,8
30949521,Omega-3 Supplements,6
31246392,Creatine,5
31246392,Ashwagandha,2
31246392,Melatonin,7
31246392,Choline,1
31246392,Omega-3 Supplements,5
31246392,Caffeine,7
31246392,Nicotine,6
31246392,Ginseng,8
3133122,"SNRIs (Cymbalta, Effexor...)",3
3133122,Caffeine,7
3133122,Methylphenidate (Ritalin),9
3133122,Melatonin,5
3133122,Phenylpiracetam,6
3133122,Tyrosine,0
3133122,Magnesium,3
3133122,GABA,0
3133122,"SSRIs (Prozac, Lexapro...)",6
3133122,Kratom,9
3133122,Probiotics,0
3133122,Tryptophan,2
3133122,Adrafinil,10
3133122,"Bupropion (Wellbutrin, Zyban...)",5
3133122,Bromantane,7
3133122,Carnivore diet,5
3133122,LSD (microdose),3
3133122,Trying to get less sleep,0
3133122,Nicotine,0
3133122,Phenibut,8
3133122,St John's Wort,0
3133122,CBD,0
3133122,Bacopa,3
3133122,5-HTP,5
3133122,Trying to get more sleep,0
3133122,Ketogenic diet,3
3133122,No Fap (or otherwise avoiding masturbation),2
3133122,Theanine,3
3133122,ALCAR,0
3241682,Kratom,4
3241682,Choline,0
3241682,Theanine,4
3241682,No Fap (or otherwise avoiding masturbation),4
3241682,Piracetam,8
3241682,Nicotine,6
3241682,Caffeine,6
3241682,CBD,2
3241682,Ashwagandha,1
3241682,Adrafinil,4
3241682,Melatonin,0
3241682,Omega-3 Supplements,2
3241682,Trying to get more sleep,8
3241682,Ginseng,1
3241682,Adderall,9
3241682,Creatine,2
3241682,Cordyceps,1
3241682,Lion's Mane,3
3241682,Noopept,2
3241682,Oxiracetam,4
33198726,Choline,1
33198726,Caffeine,8
33198726,Ketogenic diet,5
33198726,Nicotine,6
33198726,Trying to get more sleep,3
33198726,Ashwagandha,1
33198726,Trying to get less sleep,9
33198726,Theanine,7
33198726,CBD,5
33198726,Phenibut,10
33198726,Kratom,8
33212958,Tianeptine,10
33212958,Alprazolam (Xanax),7
33212958,N-acetyl Cysteine (NAC),6
33212958,Nicotine,7
33212958,9-MBC,4
33212958,Black Seed Oil,7
33212958,Ashwagandha,4
33212958,Magnesium,5
33212958,Psilocybin (microdose),8
33212958,Noopept,9
33212958,Creatine,2
33212958,Ketogenic diet,3
33212958,Glycine,4
33212958,Melatonin,10
33212958,Bromantane,0
33212958,Curcumin,2
33212958,Lion's Mane,1
33212958,Kratom,2
33212958,Dextroamphetamine (Speed),9
33212958,Polygala tenuifolia,4
33212958,Fasoracetam,3
33212958,LSD (microdose),9
33212958,Modafinil,9
33212958,ALCAR,3
33212958,Adrafinil,6
33212958,Adderall,9
33212958,No Fap (or otherwise avoiding masturbation),8
33212958,Sarcosine,2
33212958,Caffeine,1
33212958,Niacin,2
33212958,NSI-189,4
33212958,MAOIs (except Selegiline),7
33212958,Carnitine / Acetyl-L-Carnitine,5
33212958,Phenibut,9
33212958,Agmatine,7
33212958,Tryptophan,7
33212958,Armodafinil,2
33212958,GABA,8
33524962,Kava,6
33524962,St John's Wort,2
33524962,No Fap (or otherwise avoiding masturbation),2
33524962,Omega-3 Supplements,5
33524962,Melatonin,3
33524962,Lemon balm,8
33524962,LSD (microdose),6
33524962,Alprazolam (Xanax),7
33524962,CBD,4
33524962,Ginseng,3
33524962,Ginkgo Biloba,2
33524962,Zembrin,8
33524962,"SNRIs (Cymbalta, Effexor...)",6
33524962,Ketogenic diet,5
33524962,Agmatine,4
33524962,"SSRIs (Prozac, Lexapro...)",5
33524962,Phenylpiracetam,2
33524962,Phenibut,10
33524962,GABA,6
33524962,"Bupropion (Wellbutrin, Zyban...)",3
33524962,Magnesium,6
33524962,Caffeine,7
33524962,Bacopa,3
33524962,5-HTP,4
33524962,Psilocybin (microdose),7
33524962,Kratom,8
33643379,Magnesium,0
33643379,Shilajit,0
33643379,Ashwagandha,0
33643379,Melatonin,0
33643379,Black Seed Oil,0
33643379,Cordyceps,0
33643379,Uridine,0
33643379,Creatine,0
33643379,ALCAR,0
33643379,Probiotics,0
33643379,Rhodiola,0
33643379,St John's Wort,0
33643379,Omega-3 Supplements,0
33643379,Polygala tenuifolia,0
33643379,Trying to get less sleep,0
33643379,N-acetyl Cysteine (NAC),0
33643379,Carnitine / Acetyl-L-Carnitine,0
33643379,White jelly mushrooms,0
33643379,Agmatine,0
33643379,Ginseng,0
34444008,Trying to get more sleep,4
34444008,Boswellia,2
34444008,Carnitine / Acetyl-L-Carnitine,0
34444008,Rhodiola,5
34444008,Ashwagandha,3
34444008,CBD,2
34444008,Caffeine,3
34444008,Nicotine,1
34444008,Theanine,5
34444008,Valerian Root,4
34444008,Magnesium,3
34444008,Lemon balm,0
34444008,Curcumin,4
34444008,Probiotics,3
34482244,Adderall,8
34482244,Lion's Mane,0
34482244,Trying to get less sleep,0
34482244,Caffeine,6
34482244,Psilocybin (microdose),8
34482244,Omega-3 Supplements,3
34482244,Creatine,2
34482244,Ketogenic diet,0
34482244,5-HTP,3
34482244,Probiotics,0
34482244,Magnesium,3
34482244,Melatonin,6
34482244,LSD (microdose),7
34482244,Dextroamphetamine (Speed),9
35321707,Melatonin,0
36628070,Caffeine,10
36628070,5-HTP,5
36628070,Melatonin,6
36628070,CBD,5
36628070,Kratom,7
36628070,Adderall,10
36628070,Nicotine,5
36628070,LSD (microdose),5
38767357,Kratom,1
38767357,Omega-3 Supplements,1
38767357,Theanine,9
38767357,Nicotine,5
38767357,Trying to get more sleep,8
38767357,Carnitine / Acetyl-L-Carnitine,9
38767357,Ginseng,2
38767357,N-acetyl Cysteine (NAC),9
38767357,Melatonin,7
38767357,Caffeine,3
38767357,5-HTP,3
38767357,Ginkgo Biloba,3
38767357,CBD,8
38767357,Magnesium,10
38999324,Ketogenic diet,4
38999324,Melatonin,8
38999324,Modafinil,9
38999324,Phenibut,7
39768447,St John's Wort,1
39768447,Curcumin,1
39768447,Trying to get more sleep,7
39768447,Vegetarian diet,3
39768447,Creatine,4
39768447,Caffeine,7
39768447,CBD,2
39768447,Nicotine,4
39768447,LSD (microdose),1
39768447,Magnesium,4
39768447,Emoxypine,4
39768447,Omega-3 Supplements,2
39768447,Ashwagandha,3
40365723,Tyrosine,7
40365723,Ashwagandha,5
40365723,St John's Wort,7
40365723,Aniracetam,6
40365723,Nicotine,7
40365723,Probiotics,4
40365723,Theanine,7
40365723,CBD,3
40365723,Creatine,7
40365723,Phenibut,7
40365723,Kava,6
40365723,Caffeine,7
40365723,Lion's Mane,4
40365723,Bacopa,5
40365723,Choline,6
40365723,Omega-3 Supplements,6
40365723,ALCAR,6
40365723,Melatonin,6
40365723,Tianeptine,6
40365723,Phosphatidylserine,5
40365723,Red reishi mushrooms,5
40365723,N-acetyl Cysteine (NAC),6
40365723,"7,8-dihydroxyflavone",4
40365723,Rhodiola,6
40365723,Black Seed Oil,6
40365723,Pramiracetam,8
40365723,Adrafinil,6
40365723,Polygala tenuifolia,7
40365723,Lemon balm,6
40365723,Ginkgo Biloba,5
40365723,Sarcosine,6
40365723,Piracetam,7
40365723,White jelly mushrooms,4
40365723,Shilajit,5
40365723,Nicotinamide mononucleotide,5
40365723,Agmatine,6
40365723,Magnesium,6
40365723,Adderall,7
40365723,Cordyceps,4
40365723,Kanna (except Zembrin),7
40365723,Phenylpiracetam,8
4058476,Melatonin,3
41367497,Magnesium,0
41367497,Melatonin,0
41367497,Phenibut,0
41367497,Trying to get more sleep,0
41367497,Caffeine,0
41367497,Nicotine,0
41367497,Creatine,3
41559180,5-HTP,0
41559180,N-acetyl Cysteine (NAC),0
41559180,Sarcosine,0
41559180,Armodafinil,7
41559180,Caffeine,4
41610860,Nicotine,7
41610860,Psilocybin (microdose),4
41610860,Melatonin,2
41610860,Trying to get more sleep,7
41610860,Caffeine,7
41610860,Lion's Mane,0
41610860,Magnesium,2
41610860,Omega-3 Supplements,3
41610860,5-HTP,6
41610860,Theanine,8
41610860,Maca,2
41847309,"SSRIs (Prozac, Lexapro...)",5
41847309,N-acetyl Cysteine (NAC),10
42144427,"SSRIs (Prozac, Lexapro...)",2
42144427,Theanine,0
42144427,Piracetam,7
42144427,CBD,4
42144427,Caffeine,7
42144427,Trying to get less sleep,4
42144427,Melatonin,1
42144427,Modafinil,2
42144427,N-acetyl Cysteine (NAC),0
42144427,Ginseng,2
42144427,Trying to get more sleep,4
42144427,"Fermented drinks (Kefir, Kombucha...)",1
42144427,Curcumin,1
42144427,Kratom,4
42144427,Ketogenic diet,3
42144427,Lion's Mane,2
42144427,Nicotine,4
42144427,Creatine,3
42144427,Niacin,3
42144427,Adderall,6
42144427,Ginkgo Biloba,1
42144427,Cordyceps,2
42144427,Magnesium,3
42144427,Ashwagandha,1
42144427,Kanna (except Zembrin),1
42144427,Omega-3 Supplements,2
42144427,Vegetarian diet,1
42549985,Ketogenic diet,10
42549985,Omega-3 Supplements,2
42549985,Melatonin,7
42549985,Choline,1
42549985,DMAE,2
42549985,Nicotine,5
42549985,Phenibut,0
42549985,Noopept,0
42549985,Adderall,7
42549985,Dextroamphetamine (Speed),10
42549985,Trying to get more sleep,7
42549985,Magnesium,1
42549985,Rhodiola,0
42549985,Armodafinil,1
42549985,Ashwagandha,0
42549985,Creatine,1
42549985,Ginkgo Biloba,2
42549985,Trying to get less sleep,1
42549985,Adrafinil,1
42549985,Kratom,10
42549985,Caffeine,3
42549985,Modafinil,7
43017166,"Fermented drinks (Kefir, Kombucha...)",4
43017166,Lion's Mane,3
43017166,Creatine,1
43017166,Omega-3 Supplements,3
43017166,Ginseng,2
43017166,Ginkgo Biloba,2
43017166,Maca,2
43017166,Nicotinamide riboside,3
43017166,Magnesium,2
43017166,Choline,2
43017166,Caffeine,4
43017166,Nicotine,2
43017166,Cordyceps,3
43017166,5-HTP,4
43017166,Trying to get more sleep,3
43017166,Psilocybin (microdose),8
43017166,Piracetam,3
43017166,CBD,6
43017166,Curcumin,2
43017166,Kava,4
43017166,Probiotics,4
43017166,Niacin,2
43017166,Ketogenic diet,5
43017166,Melatonin,4
43017166,Ashwagandha,3
43122188,Trying to get more sleep,10
43122188,Bromantane,6
43122188,Tyrosine,4
43122188,N-acetyl Cysteine (NAC),4
43122188,Melatonin,7
43122188,Alpha-GPC,4
43122188,No Fap (or otherwise avoiding masturbation),8
43122188,Phenylpiracetam,8
43122188,Omega-3 Supplements,3
43122188,Adderall,10
43122188,Nicotine,7
43122188,Magnesium,7
43122188,Creatine,8
43122188,Phenibut,10
43122188,Bacopa,2
43122188,Theanine,3
43122188,St John's Wort,3
43122188,Bright lights in morning / Dawn simulator,10
43122188,Caffeine,10
43122188,Ashwagandha,5
43122188,Kratom,3
43122188,Adrafinil,6
43674162,Probiotics,3
43674162,Ashwagandha,2
43674162,Valerian Root,4
43674162,Caffeine,5
43674162,Vegetarian diet,7
43674162,Magnesium,8
43674162,CBD,6
43674162,Curcumin,3
43674162,Vegan diet,9
43894589,Trying to get more sleep,8
43894589,Caffeine,7
43894589,Melatonin,8
43894589,Creatine,6
43894589,Omega-3 Supplements,5
43894589,No Fap (or otherwise avoiding masturbation),0
43894589,Trying to get less sleep,5
43894589,Nicotine,6
43923496,Ketogenic diet,10
43923496,Creatine,4
43923496,Ginseng,5
43923496,Nicotine,2
43923496,Bacopa,5
43923496,Magnesium,10
44350082,Phenylpiracetam,9
44350082,Valerian Root,6
44350082,Creatine,6
44350082,Trying to get more sleep,2
44350082,Agmatine,6
44350082,"Bupropion (Wellbutrin, Zyban...)",7
44350082,Magnesium,7
44350082,Choline,6
44350082,Piracetam,10
44350082,Bromantane,5
44350082,Lemon balm,9
44350082,"SNRIs (Cymbalta, Effexor...)",4
44350082,Curcumin,5
44350082,GABA,7
44350082,Tyrosine,4
44350082,"SSRIs (Prozac, Lexapro...)",6
44350082,"Fermented drinks (Kefir, Kombucha...)",2
44350082,Carnitine / Acetyl-L-Carnitine,7
44350082,Caffeine,9
44350082,Probiotics,2
44350082,Melatonin,9
44350082,No Fap (or otherwise avoiding masturbation),0
44350082,ALCAR,6
44350082,Black Seed Oil,3
44350082,Omega-3 Supplements,6
44350082,Bright lights in morning / Dawn simulator,2
44350082,Phenibut,10
44350082,CBD,10
44350082,Ashwagandha,4
44350082,Theanine,8
44469767,Modafinil,9
46308744,Noopept,5
46308744,Niacin,1
46308744,Valerian Root,1
46308744,Maca,1
46308744,Vegetarian diet,1
46308744,Melatonin,5
46308744,CBD,4
46308744,Nicotine,5
46308744,Carnivore diet,2
46308744,Theanine,5
46308744,Omega-3 Supplements,2
46308744,Trying to get less sleep,1
46308744,Phenylpiracetam,5
46308744,Creatine,2
46308744,"Fermented drinks (Kefir, Kombucha...)",3
46308744,Trying to get more sleep,6
46308744,No Fap (or otherwise avoiding masturbation),4
46308744,Vegan diet,1
46308744,Ashwagandha,4
46308744,Rhodiola,3
46308744,Bright lights in morning / Dawn simulator,5
46308744,Ketogenic diet,2
46308744,LSD (microdose),5
46308744,Caffeine,7
46308744,Phenibut,7
47069926,Caffeine,7
47069926,"SNRIs (Cymbalta, Effexor...)",2
47069926,Probiotics,2
47069926,Trying to get more sleep,5
47069926,Dextroamphetamine (Speed),5
47069926,"SSRIs (Prozac, Lexapro...)",1
47069926,GABA,1
47069926,Psilocybin (microdose),7
47069926,Creatine,3
47069926,Ginkgo Biloba,4
47069926,Magnesium,1
47069926,Trying to get less sleep,6
47069926,"Bupropion (Wellbutrin, Zyban...)",6
47069926,5-HTP,0
47069926,Nicotine,7
47069926,Melatonin,1
47069926,Adderall,7
47069926,CBD,4
47069926,Ginseng,1
47069926,Omega-3 Supplements,1
47430098,Ashwagandha,0
4786568,CBD,3
4786568,N-acetyl Cysteine (NAC),5
4786568,Maca,2
4786568,Ashwagandha,3
4786568,GABA,1
4786568,Trying to get more sleep,7
4786568,Caffeine,8
4786568,Tryptophan,1
4786568,Trying to get less sleep,0
4786568,Creatine,1
4786568,Theanine,5
4786568,Nicotine,8
4786568,Magnesium,5
4786568,DMAE,4
48319607,Creatine,0
48319607,Melatonin,0
48319607,Choline,4
48319607,Piracetam,7
48319607,Magnesium,4
48319607,Theanine,8
48319607,Phenibut,8
48319607,Nicotinamide mononucleotide,6
48319607,Trying to get more sleep,8
48319607,CBD,6
48319607,GABA,4
48319607,Caffeine,10
48319607,Modafinil,8
48319607,Omega-3 Supplements,0
48319607,Lion's Mane,0
48319607,ALCAR,0
48319607,5-HTP,8
48319607,Glycine,0
48319607,No Fap (or otherwise avoiding masturbation),6
4901431,Omega-3 Supplements,2
4901431,GABA,8
4901431,LSD (microdose),5
4901431,Nicotine,6
4901431,Magnesium,3
4901431,NSI-189,5
4901431,Trying to get more sleep,6
4901431,Carnitine / Acetyl-L-Carnitine,2
4901431,Ginkgo Biloba,2
4901431,Vegan diet,3
4901431,Aniracetam,4
4901431,Alpha-GPC,5
4901431,N-Acetyl-L-Tyrosine,2
4901431,Kava,5
4901431,Glycine,4
4901431,ALCAR,2
4901431,Creatine,4
4901431,Vegetarian diet,6
4901431,Caffeine,6
4901431,Theanine,3
49037153,Nicotine,5
49037153,Theanine,5
49037153,Caffeine,5
49037153,Phenibut,8
49037153,CBD,0
49037153,LSD (microdose),7
49037153,Melatonin,1
49037153,Bright lights in morning / Dawn simulator,4
49037153,5-HTP,2
49037153,Adderall,7
49083424,Trying to get more sleep,0
49083424,Caffeine,0
49083424,"SSRIs (Prozac, Lexapro...)",0
49083424,CBD,0
49083424,Ketogenic diet,1
49083424,Trying to get less sleep,0
49083424,No Fap (or otherwise avoiding masturbation),0
49083424,Agmatine,1
49083424,Magnesium,1
49083424,Kratom,2
50364387,Trying to get less sleep,0
50364387,Noopept,2
50364387,Vegetarian diet,0
50364387,Adderall,7
50364387,Nicotine,6
50364387,Adrafinil,4
50364387,Creatine,1
50364387,Caffeine,6
50364387,Theanine,3
50364387,Vegan diet,0
50364387,Trying to get more sleep,7
50548060,N-acetyl Cysteine (NAC),5
50548060,Black Seed Oil,1
50548060,Melatonin,7
50548060,"SNRIs (Cymbalta, Effexor...)",6
50548060,Theanine,6
50548060,Magnesium,2
50548060,Cordyceps,2
50548060,Caffeine,7
50548060,Curcumin,3
50548060,Creatine,6
50548060,St John's Wort,2
50548060,Trying to get more sleep,5
50548060,Lion's Mane,2
50548060,Choline,2
50548060,Omega-3 Supplements,4
50548060,Ashwagandha,7
50548060,CBD,3
50548060,Piracetam,1
50548060,Probiotics,2
52047533,Trying to get more sleep,5
52047533,Nicotine,5
52047533,5-HTP,3
52294255,Selank (or NA-Selank etc),3
52294255,Fasoracetam,8
52294255,Caffeine,6
52294255,Piracetam,5
52294255,CBD,10
52294255,Alpha-GPC,5
52294255,Guanfacine,6
52294255,Kratom,8
52294255,N-Acetyl-L-Tyrosine,3
52294255,Niacin,3
52294255,Kava,7
52294255,Phenibut,10
52294255,Modafinil,10
52294255,Magnesium,8
52294255,Psilocybin (microdose),8
52294255,Tianeptine,5
52294255,Choline,5
52294255,Adrafinil,5
52294255,Adderall,10
52294255,Noopept,4
52294255,Nicotine,7
52294255,Phenylpiracetam,10
52294255,Theanine,8
52294255,Pramiracetam,3
52294255,Semax (or NA-Semax etc),2
52294255,Melatonin,6
52294255,5-HTP,3
52294255,"SSRIs (Prozac, Lexapro...)",8
52294255,Alprazolam (Xanax),8
52294255,Omega-3 Supplements,5
52501248,Valerian Root,2
52501248,Methylphenidate (Ritalin),9
52501248,Theanine,4
52501248,Magnesium,2
52501248,Bromantane,2
52501248,Trying to get more sleep,10
52501248,Phenibut,5
52501248,5-HTP,1
52501248,Glycine,2
52501248,Alprazolam (Xanax),10
52501248,No Fap (or otherwise avoiding masturbation),2
52501248,Ashwagandha,0
52501248,Caffeine,9
52501248,Noopept,4
52501248,Adderall,9
52501248,Melatonin,3
52501248,CBD,0
52501248,Alpha-GPC,1
52501248,Ketogenic diet,7
52501248,N-acetyl Cysteine (NAC),3
53287858,Glycine,0
53287858,LSD (microdose),0
53287858,Phosphatidylserine,0
53287858,"Bupropion (Wellbutrin, Zyban...)",0
53287858,Methylene blue,0
53287858,Polygala tenuifolia,0
53287858,IDRA-21,0
53287858,Carnitine / Acetyl-L-Carnitine,0
53287858,Lion's Mane,0
53287858,Nicotine,0
53287858,Ashwagandha,0
53287858,Tianeptine,0
53287858,5-HTP,0
53287858,St John's Wort,0
53287858,Maca,0
53287858,Theanine,0
53287858,Bacopa,9
53287858,Creatine,0
53287858,Ginseng,0
53287858,Cordyceps,0
53287858,Black Seed Oil,0
53287858,"Fermented drinks (Kefir, Kombucha...)",0
53287858,Sarcosine,0
53287858,Omega-3 Supplements,0
53287858,Saffron,0
53287858,Coluracetam,0
53287858,Melatonin,0
53287858,Methylphenidate (Ritalin),0
53287858,Ginkgo Biloba,0
53287858,Uridine,0
53287858,Berberine,0
53287858,Huperzine-A,0
53287858,ALCAR,0
53287858,Valerian Root,0
53287858,Agmatine,0
53287858,Kanna (except Zembrin),0
53287858,Choline,0
53287858,Magnesium,0
53287858,Psilocybin (microdose),0
53287858,Red reishi mushrooms,0
53287858,Inositol,0
53287858,Sulbutiamine,0
53287858,Caffeine,0
53287858,N-acetyl Cysteine (NAC),0
53287858,Fasoracetam,0
53287858,Sunifiram,0
53287858,Curcumin,0
53287858,No Fap (or otherwise avoiding masturbation),0
53287858,Oxiracetam,0
53287858,Probiotics,0
53287858,"SSRIs (Prozac, Lexapro...)",0
53287858,Shilajit,0
53287858,NSI-189,0
53287858,Zembrin,0
53287858,Rhodiola,0
53287858,Niacin,0
53287858,MAOIs (except Selegiline),0
53287858,Lemon balm,0
53287858,Noopept,0
53871571,Trying to get more sleep,0
53871571,Trying to get less sleep,0
53871571,Bright lights in morning / Dawn simulator,0
53871571,Caffeine,3
53871571,Omega-3 Supplements,0
53871571,CBD,4
53871571,No Fap (or otherwise avoiding masturbation),0
56635469,ALCAR,6
56635469,N-methyl-cyclazodone,9
56635469,Alpha-GPC,6
56635469,Omega-3 Supplements,1
56635469,Agmatine,8
56635469,Methylene blue,7
56635469,Adrafinil,5
56635469,Noopept,5
56635469,Sarcosine,7
56635469,Lemon balm,10
56635469,Fasoracetam,5
56635469,CBD,3
56635469,Selegiline,7
56635469,LSD (microdose),9
56635469,Rhodiola,8
56635469,Ginseng,5
56635469,Semax (or NA-Semax etc),10
56635469,Pregenolone,3
56635469,Aniracetam,9
56635469,5-HTP,2
56635469,Coluracetam,8
56635469,PRL-8-53,4
56635469,Uridine,3
56635469,Bromantane,6
56635469,Methylphenidate (Ritalin),9
56635469,Caffeine,8
56635469,Theanine,8
56635469,Nicotine,5
56635469,No Fap (or otherwise avoiding masturbation),1
56635469,Dextroamphetamine (Speed),10
56635469,Kratom,7
56635469,Phenibut,10
56635469,Choline,6
56635469,Sulbutiamine,5
56635469,Magnesium,4
56635469,Adderall,10
56635469,Tianeptine,6
56635469,Polygala tenuifolia,4
56635469,Ashwagandha,7
56635469,L-Deprenyl,8
56635469,Trying to get more sleep,10
56635469,Phenylpiracetam,9
56635469,Melatonin,8
56635469,Psilocybin (microdose),9
56635469,Creatine,5
56635469,Emoxypine,4
56635469,Inositol,2
56635469,St John's Wort,3
56635469,Valerian Root,6
56635469,Lion's Mane,4
56635469,Kava,9
56635469,Selank (or NA-Selank etc),8
56635469,Picamilon,6
56635469,Piracetam,5
56635469,Huperzine-A,6
56635469,Pramiracetam,8
56635469,N-acetyl Cysteine (NAC),4
56635469,NSI-189,2
56635469,Black Seed Oil,1
56635469,Oxiracetam,8
57671295,Tryptophan,6
57671295,Adderall,10
57671295,"SSRIs (Prozac, Lexapro...)",7
57671295,Dextroamphetamine (Speed),10
57671295,Creatine,1
57671295,Piracetam,5
57671295,Noopept,6
57671295,Carnivore diet,3
57671295,Emoxypine,7
57671295,Caffeine,3
57671295,Melatonin,10
57671295,Ginseng,3
57671295,Nicotine,1
57671295,Armodafinil,7
57671295,Ketogenic diet,7
57671295,Trying to get more sleep,4
57671295,Magnesium,9
57671295,5-HTP,6
57671295,Choline,6
57671295,Theanine,3
57671295,"SNRIs (Cymbalta, Effexor...)",2
57671295,CBD,8
57671295,Rhodiola,2
57671295,Phenylpiracetam,7
57671295,Methylliberine (aka Dynamine),6
57671295,Omega-3 Supplements,8
57671295,Curcumin,1
58193708,Nicotine,7
58193708,Creatine,9
58193708,Modafinil,9
58193708,Psilocybin (microdose),5
58193708,CBD,7
58193708,Theanine,4
58193708,Dextroamphetamine (Speed),10
58193708,Noopept,8
58193708,Melatonin,7
58193708,Trying to get more sleep,8
58193708,Omega-3 Supplements,8
58193708,Alpha-GPC,6
58193708,Oxiracetam,8
58193708,Ketogenic diet,7
58193708,Piracetam,4
58193708,Magnesium,8
58193708,No Fap (or otherwise avoiding masturbation),10
58193708,Caffeine,10
58193708,Bright lights in morning / Dawn simulator,8
5868393,Trying to get less sleep,0
5868393,N-acetyl Cysteine (NAC),4
5868393,Melatonin,2
5868393,Psilocybin (microdose),6
5868393,CBD,2
5868393,Omega-3 Supplements,1
5868393,Ketogenic diet,9
5868393,Ginseng,3
5868393,Inositol,2
5868393,Caffeine,4
5868393,Curcumin,3
5868393,N-Acetyl-L-Tyrosine,2
5868393,Tyrosine,0
5868393,Pregenolone,0
5868393,Trying to get more sleep,0
5868393,Kratom,3
5868393,Theanine,0
5868393,Lion's Mane,1
62781604,Curcumin,8
62781604,Lemon balm,9
62781604,"Bupropion (Wellbutrin, Zyban...)",3
62781604,CBD,10
62781604,Maca,8
62781604,Omega-3 Supplements,0
62781604,Magnesium,8
62781604,Caffeine,5
62781604,Nicotine,0
62781604,Tryptophan,0
62781604,Kratom,5
62781604,Trying to get more sleep,1
62781604,Ginseng,7
62781604,GABA,7
62781604,Rhodiola,10
62781604,N-acetyl Cysteine (NAC),9
62781604,Guanfacine,0
62781604,Black Seed Oil,6
62781604,Melatonin,0
62781604,Adderall,9
62781604,Ketogenic diet,9
62781604,5-HTP,0
62781604,Ashwagandha,3
62781604,Ginkgo Biloba,7
62781604,Niacin,8
62781604,Probiotics,6
62781604,"Fermented drinks (Kefir, Kombucha...)",0
64556379,Nicotine,8
64556379,Magnesium,5
64556379,Trying to get more sleep,4
64556379,Tryptophan,5
64556379,Choline,0
64556379,Theanine,5
64556379,Caffeine,8
64556379,Omega-3 Supplements,2
64556379,Bright lights in morning / Dawn simulator,4
65620890,Ketogenic diet,7
65620890,Ashwagandha,1
65620890,Vegetarian diet,10
65620890,No Fap (or otherwise avoiding masturbation),4
65657470,Magnesium,0
65657470,Caffeine,0
65657470,Phenylpiracetam,0
65657470,Theanine,0
65657470,5-HTP,0
65657470,Melatonin,0
65657470,Trying to get more sleep,0
65657470,Omega-3 Supplements,0
65657470,ALCAR,0
65657470,CBD,0
65657470,N-Acetyl-L-Tyrosine,0
65657470,Adderall,8
65961315,ALCAR,7
65961315,Omega-3 Supplements,7
65961315,Ashwagandha,9
65961315,Magnesium,6
65961315,N-Acetyl-L-Tyrosine,8
65961315,Melatonin,4
65961315,Carnitine / Acetyl-L-Carnitine,8
65961315,Rhodiola,9
65961315,No Fap (or otherwise avoiding masturbation),10
65961315,Caffeine,7
65961315,Ketogenic diet,7
65961315,Creatine,5
66103853,Sulbutiamine,5
66103853,Phenibut,10
66103853,Theanine,8
66103853,Phenylpiracetam,8
66103853,Caffeine,8
66561835,Ashwagandha,6
66561835,Caffeine,7
66561835,Magnesium,3
66561835,Valerian Root,5
66561835,Lion's Mane,7
66561835,Creatine,2
66561835,CBD,3
66561835,Modafinil,7
68062744,Omega-3 Supplements,5
68062744,Choline,7
68062744,Noopept,8
68062744,Lion's Mane,6
68062744,Phenylpiracetam,7
68062744,Semax (or NA-Semax etc),7
68062744,Modafinil,8
68062744,5-HTP,0
68062744,Trying to get more sleep,8
68062744,Tyrosine,5
68062744,Kratom,5
68062744,Picamilon,9
68062744,Creatine,7
68062744,Berberine,4
68062744,"Fermented drinks (Kefir, Kombucha...)",3
68062744,Glycine,7
68062744,Theanine,6
68062744,Selank (or NA-Selank etc),7
68062744,Ashwagandha,6
68062744,Magnesium,7
68062744,Phenibut,6
68062744,CBD,1
68062744,Bacopa,6
68062744,Carnitine / Acetyl-L-Carnitine,5
68062744,Curcumin,7
68062744,Adderall,8
68062744,Huperzine-A,7
68062744,Dextroamphetamine (Speed),9
68062744,N-acetyl Cysteine (NAC),8
68062744,Nicotine,9
68062744,Bright lights in morning / Dawn simulator,8
68062744,Melatonin,10
68062744,Cordyceps,6
68062744,Adrafinil,7
68062744,Caffeine,7
68062744,Ketogenic diet,8
68062744,ALCAR,5
69266816,Choline,8
69266816,Tryptophan,1
69266816,Piracetam,5
69266816,Ashwagandha,7
69266816,Theacrine (aka Teacrine),3
69266816,Nicotine,2
69266816,Valerian Root,9
69266816,Ginkgo Biloba,5
69266816,Ginseng,5
69266816,Theanine,8
69266816,Maca,8
69266816,Dextroamphetamine (Speed),9
69266816,Lion's Mane,4
69266816,Noopept,5
69266816,"Fermented drinks (Kefir, Kombucha...)",5
69266816,Caffeine,5
69266816,Alpha-GPC,7
69266816,Adrafinil,9
69266816,CBD,6
69266816,Probiotics,2
69266816,N-Acetyl-L-Tyrosine,8
69266816,L-Deprenyl,2
69266816,Modafinil,9
69266816,Kava,8
69266816,Magnesium,8
69266816,Omega-3 Supplements,2
69266816,Adderall,9
69266816,Psilocybin (microdose),8
69266816,Agmatine,5
69266816,LSD (microdose),5
69266816,Niacin,4
69266816,Melatonin,5
69364865,Carnitine / Acetyl-L-Carnitine,3
69364865,Omega-3 Supplements,3
69364865,Ashwagandha,0
69364865,Tyrosine,0
69364865,"SSRIs (Prozac, Lexapro...)",3
69364865,N-acetyl Cysteine (NAC),10
69364865,Melatonin,3
69364865,Valerian Root,0
69364865,Modafinil,9
69364865,Creatine,10
69364865,Adderall,8
69364865,Vegan diet,7
69364865,Alpha-GPC,7
70983079,"Fermented drinks (Kefir, Kombucha...)",0
70983079,Probiotics,0
70983079,Modafinil,0
70983079,Magnesium,0
70983079,Armodafinil,0
70983079,Curcumin,0
70983079,Alpha-GPC,0
70983079,Creatine,0
70983079,5-HTP,0
70983079,Ginseng,0
70983079,Agmatine,0
70983079,Vegetarian diet,0
70983079,Nicotinamide mononucleotide,0
70983079,Oxiracetam,0
70983079,Carnitine / Acetyl-L-Carnitine,0
70983079,Tyrosine,0
70983079,Saffron,0
70983079,Choline,0
70983079,Piracetam,0
70983079,Nicotine,0
70983079,Caffeine,0
70983079,Melatonin,0
70983079,Theanine,0
70983079,Omega-3 Supplements,0
70983079,LSD (microdose),0
70983079,Cordyceps,0
70983079,N-acetyl Cysteine (NAC),0
70983079,Psilocybin (microdose),0
70983079,Aniracetam,0
70983079,Ashwagandha,0
72249895,ALCAR,6
72249895,Magnesium,7
72249895,Lion's Mane,2
72249895,Uridine,4
72249895,N-acetyl Cysteine (NAC),7
72249895,Glycine,6
72249895,Agmatine,6
72249895,No Fap (or otherwise avoiding masturbation),5
72249895,DMAE,6
72249895,"Fermented drinks (Kefir, Kombucha...)",2
72249895,Melatonin,8
72249895,Caffeine,7
72249895,Alpha-GPC,0
72249895,Tryptophan,7
72249895,Creatine,8
72249895,Inositol,0
72249895,Choline,3
72249895,Cordyceps,8
72249895,Trying to get more sleep,10
72249895,Theanine,5
72249895,Ginseng,0
72249895,Bacopa,4
72249895,Omega-3 Supplements,6
73629066,Ginseng,2
73629066,Methylphenidate (Ritalin),10
73629066,Nicotine,0
73629066,Caffeine,8
73629066,Probiotics,1
73629066,Theanine,1
73629066,Phenibut,0
73629066,Modafinil,7
73629066,No Fap (or otherwise avoiding masturbation),9
73629066,Vegetarian diet,5
73629066,Magnesium,1
73629066,Melatonin,9
73629066,Bright lights in morning / Dawn simulator,9
74759191,Omega-3 Supplements,0
74759191,Magnesium,0
74759191,Vegetarian diet,0
74759191,CBD,0
74759191,LSD (microdose),0
74759191,Caffeine,0
74759191,Ashwagandha,0
74759191,Alpha-GPC,0
74759191,Theanine,0
74759191,Melatonin,0
74759191,No Fap (or otherwise avoiding masturbation),0
74759191,Trying to get more sleep,0
76426554,Adrafinil,0
76426554,Choline,0
77548174,ALCAR,0
77548174,Lion's Mane,0
77548174,Kratom,3
77548174,Carnitine / Acetyl-L-Carnitine,0
77548174,Psilocybin (microdose),6
77548174,Maca,5
77548174,Magnesium,6
77548174,Kava,3
77548174,Ashwagandha,7
77548174,Trying to get more sleep,6
77548174,Alpha-GPC,7
77548174,Melatonin,0
77548174,Caffeine,3
77548174,CBD,0
77548174,Omega-3 Supplements,6
78251112,Magnesium,4
78251112,5-HTP,6
78251112,Rhodiola,2
78251112,Trying to get more sleep,5
78618305,Theanine,0
78618305,Vegan diet,0
78618305,Omega-3 Supplements,1
78618305,Trying to get more sleep,8
78618305,Curcumin,0
78618305,Caffeine,4
78618305,Magnesium,9
78618305,Phenibut,8
78618305,Black Seed Oil,3
78618305,N-acetyl Cysteine (NAC),0
78618305,Creatine,0
78618305,Choline,0
79426505,Melatonin,8
79426505,Ginseng,0
79603289,Valerian Root,1
79603289,Psilocybin (microdose),7
79603289,Agmatine,5
79603289,Caffeine,2
79603289,Kanna (except Zembrin),6
79603289,Ashwagandha,2
79603289,No Fap (or otherwise avoiding masturbation),2
79603289,CBD,3
79603289,GABA,1
79603289,Nicotine,6
79603289,Alprazolam (Xanax),3
79603289,Probiotics,1
79603289,Adderall,6
79603289,Magnesium,4
79603289,Melatonin,2
80057388,CBD,1
80057388,Adrafinil,6
80057388,Ashwagandha,4
80057388,Phenibut,1
80057388,Creatine,1
80057388,Aniracetam,1
80057388,Modafinil,8
80057388,Noopept,6
80057388,Magnesium,1
80057388,Piracetam,2
80057388,Armodafinil,7
80057388,Theanine,1
80057388,Phenylpiracetam,8
80057388,Kratom,9
80057388,Melatonin,8
80057388,N-acetyl Cysteine (NAC),6
80057388,Caffeine,8
80401484,Choline,4
80401484,5-HTP,0
80401484,Melatonin,8
80401484,Maca,5
80401484,Magnesium,5
80401484,SAM-e,0
80401484,Bacopa,0
80401484,Vegetarian diet,5
80401484,Bright lights in morning / Dawn simulator,4
80401484,Trying to get more sleep,6
80401484,Ginseng,0
80401484,Caffeine,6
80401484,Pregenolone,5
80401484,ALCAR,4
80401484,Rhodiola,0
80401484,Ginkgo Biloba,0
80401484,Tryptophan,6
80401484,Valerian Root,5
80401484,Tyrosine,4
80401484,Theanine,5
80763932,Nicotine,2
80763932,Magnesium,8
80763932,Ketogenic diet,3
80763932,Caffeine,6
80763932,Trying to get more sleep,3
80763932,Phenibut,6
80763932,Creatine,0
80763932,Theanine,1
80763932,Melatonin,5
80846748,Theanine,10
80846748,Magnesium,10
80846748,Probiotics,10
80846748,Ginseng,5
80846748,Omega-3 Supplements,6
80846748,Agmatine,4
80846748,Lion's Mane,10
80846748,Curcumin,4
80846748,Nicotine,4
80846748,N-acetyl Cysteine (NAC),5
80846748,Black Seed Oil,5
80846748,Cordyceps,5
80846748,Inositol,8
80846748,Caffeine,0
80846748,SAM-e,5
80846748,Alpha-GPC,10
80846748,Niacin,4
80846748,CBD,10
80846748,Glycine,5
80846748,Sulbutiamine,4
80846748,Choline,10
80846748,Trying to get more sleep,7
80846748,Tryptophan,2
80846748,Valerian Root,2
80846748,Rhodiola,10
80846748,Tyrosine,6
80846748,Ginkgo Biloba,0
80846748,Melatonin,3
81501773,Shilajit,4
81501773,"Fermented drinks (Kefir, Kombucha...)",2
81501773,Trying to get more sleep,7
81501773,Maca,7
81501773,St John's Wort,7
81501773,CBD,5
81501773,Omega-3 Supplements,4
81501773,MAOIs (except Selegiline),4
81501773,Rhodiola,4
81501773,Nicotine,9
81501773,Cordyceps,4
81501773,Bacopa,5
81501773,Modafinil,8
81501773,Caffeine,8
81501773,Lion's Mane,5
81501773,Magnesium,2
81501773,Tyrosine,5
81501773,Creatine,5
81501773,Ashwagandha,8
81501773,No Fap (or otherwise avoiding masturbation),5
81501773,N-Acetyl-L-Tyrosine,5
82809865,Theanine,6
82809865,Carnitine / Acetyl-L-Carnitine,6
82809865,Theacrine (aka Teacrine),6
82809865,Phenylpiracetam,6
82809865,Zembrin,7
82809865,Melatonin,5
82809865,Creatine,5
82809865,Tyrosine,5
82809865,Methylliberine (aka Dynamine),5
82809865,Caffeine,6
82809865,Kava,6
82809865,Magnesium,1
82809865,Piracetam,7
82809865,Niacin,2
82809865,Bromantane,7
82809865,ALCAR,6
82809865,CBD,0
83139183,Theanine,5
83139183,Creatine,10
83139183,Omega-3 Supplements,8
83139183,Maca,3
83139183,Magnesium,8
83139183,Melatonin,5
83139183,Caffeine,8
83139183,Trying to get more sleep,7
83139183,No Fap (or otherwise avoiding masturbation),2
83139183,Lion's Mane,2
83139183,Ashwagandha,8
84131772,Adderall,8
84131772,Caffeine,5
84131772,Melatonin,5
84131772,Theanine,5
84131772,CBD,5
84545651,Carnitine / Acetyl-L-Carnitine,2
84545651,Creatine,6
84545651,Curcumin,6
84545651,Ginkgo Biloba,10
84545651,Cordyceps,3
84545651,Magnesium,2
84545651,Theanine,0
84545651,Adderall,0
84545651,Bacopa,10
84545651,Nicotine,0
84545651,Rhodiola,10
84545651,Trying to get more sleep,10
84545651,Bright lights in morning / Dawn simulator,2
84545651,Red reishi mushrooms,5
84545651,Phosphatidylserine,0
84545651,Ginseng,10
84545651,N-acetyl Cysteine (NAC),0
84545651,Caffeine,10
84545651,CBD,1
84545651,"Fermented drinks (Kefir, Kombucha...)",0
84545651,Tryptophan,4
84545651,Probiotics,8
84545651,Kratom,0
84545651,Maca,1
84545651,Lion's Mane,10
84545651,Valerian Root,0
84545651,Black Seed Oil,10
84545651,Lemon balm,0
84545651,Psilocybin (microdose),6
84545651,Omega-3 Supplements,10
84545651,Alpha-GPC,6
84545651,5-HTP,1
84545651,Tyrosine,3
84553705,Melatonin,0
84553705,Nicotine,0
84553705,Magnesium,3
85604305,Kava,0
85604305,GABA,0
85604305,"Fermented drinks (Kefir, Kombucha...)",0
85604305,CBD,0
85604305,Trying to get more sleep,0
85604305,Adderall,0
85604305,Alprazolam (Xanax),0
85604305,Magnesium,0
85604305,LSD (microdose),0
85604305,Kratom,0
85604305,Valerian Root,0
85604305,"SNRIs (Cymbalta, Effexor...)",0
85604305,Lion's Mane,0
85604305,Caffeine,0
85604305,Maca,0
85604305,Omega-3 Supplements,0
85604305,Melatonin,0
88153409,N-acetyl Cysteine (NAC),6
88153409,Curcumin,4
88153409,Noopept,4
88153409,Magnesium,7
88153409,Ashwagandha,5
88153409,Ginseng,3
88153409,5-HTP,4
88153409,"7,8-dihydroxyflavone",4
88153409,Huperzine-A,4
88153409,Modafinil,3
88153409,Ketogenic diet,4
88153409,GABA,6
88153409,Emoxypine,10
88153409,Alpha-GPC,4
88153409,Uridine,4
88153409,Berberine,4
88153409,Theanine,8
88153409,Omega-3 Supplements,7
88153409,LSD (microdose),8
88153409,Melatonin,8
88153409,Caffeine,8
88153409,Nicotine,6
88153409,Agmatine,8
88153409,Creatine,4
91881401,Nicotine,7
91881401,Bromantane,10
91881401,Bacopa,2
91881401,Choline,6
91881401,Creatine,6
91881401,Black Seed Oil,8
91881401,Lion's Mane,9
91881401,"Fermented drinks (Kefir, Kombucha...)",8
91881401,Melatonin,5
91881401,Caffeine,5
91881401,Alpha-GPC,10
91881401,Psilocybin (microdose),6
91881401,Magnesium,3
91881401,Agmatine,4
91881401,Noopept,9
91881401,Phenylpiracetam,9
91881401,Ginseng,3
91881401,Uridine,7
91881401,Omega-3 Supplements,10
91881401,Ashwagandha,7
91881401,9-MBC,8
91881401,No Fap (or otherwise avoiding masturbation),5
91881401,Theanine,7
93488001,Creatine,4
93488001,Lion's Mane,10
93488001,Caffeine,5
93488001,Ashwagandha,10
93575348,Lemon balm,10
93575348,Psilocybin (microdose),10
93575348,Kava,10
93575348,CBD,9
93575348,Adderall,10
93575348,Theanine,8
93575348,Noopept,8
93575348,Magnesium,10
93575348,St John's Wort,5
93575348,Probiotics,10
93575348,Niacin,10
93575348,Omega-3 Supplements,5
93575348,Vegan diet,9
93575348,Ashwagandha,5
93575348,Piracetam,8
93575348,Valerian Root,5
93575348,Choline,9
93575348,Melatonin,10
93575348,"SSRIs (Prozac, Lexapro...)",9
93575348,Tyrosine,10
93575348,Tryptophan,10
93575348,Maca,5
93575348,Vegetarian diet,9
93575348,Caffeine,10
93864346,Magnesium,7
93864346,Phenibut,8
93864346,Nicotine,6
93864346,Theanine,7
93864346,Melatonin,8
93864346,Choline,4
93864346,Trying to get more sleep,8
93864346,Bright lights in morning / Dawn simulator,9
93864346,Ashwagandha,3
93864346,Ginseng,2
93864346,Kratom,10
93864346,Caffeine,5
93864346,CBD,8
93864346,Modafinil,10
93864346,Vegetarian diet,7
93864346,Piracetam,4
93864346,Noopept,5
94657191,Theanine,5
94657191,Noopept,10
94657191,Trying to get less sleep,0
94657191,N-acetyl Cysteine (NAC),7
94657191,Melatonin,7
94657191,Trying to get more sleep,0
94657191,Creatine,5
94657191,Choline,3
94657191,Bacopa,0
94657191,Rhodiola,7
94657191,Glycine,3
94657191,Nicotine,5
94657191,Magnesium,3
94657191,Phenibut,10
94657191,Ashwagandha,9
94657191,Caffeine,8
94657191,Ketogenic diet,0
94657191,No Fap (or otherwise avoiding masturbation),0
94714189,Noopept,2
94714189,Adderall,8
94714189,Creatine,4
94714189,N-acetyl Cysteine (NAC),5
94714189,Magnesium,3
94714189,Theanine,4
94714189,Phenibut,0
94714189,Nicotine,4
94714189,Ashwagandha,3
94714189,Alprazolam (Xanax),7
94714189,Phenylpiracetam,0
94714189,Omega-3 Supplements,4
94714189,Piracetam,1
94714189,Modafinil,1
94714189,N-Acetyl-L-Tyrosine,3
94714189,Melatonin,2
94714189,CBD,1
94714189,Vegetarian diet,3
94714189,Maca,0
94714189,Fasoracetam,5
94714189,Caffeine,4
95141452,No Fap (or otherwise avoiding masturbation),2
95141452,Piracetam,5
95141452,"Fermented drinks (Kefir, Kombucha...)",0
95141452,Adderall,9
95141452,Lion's Mane,0
95141452,Caffeine,8
95141452,Kratom,6
95141452,GABA,0
95141452,CBD,3
95141452,Theanine,7
95141452,MAOIs (except Selegiline),0
95141452,N-acetyl Cysteine (NAC),2
95141452,Vegetarian diet,0
95141452,LSD (microdose),7
95141452,Trying to get more sleep,7
95141452,Dextroamphetamine (Speed),8
95141452,Psilocybin (microdose),5
97314932,Melatonin,8
97314932,Magnesium,3
97314932,"Bupropion (Wellbutrin, Zyban...)",7
97314932,Noopept,3
97314932,Phenibut,6
97314932,Nicotine,7
97314932,Methylene blue,5
97314932,DMAE,0
97314932,Caffeine,6
97314932,Creatine,2
97314932,Ginkgo Biloba,0
97314932,CBD,2
97314932,Piracetam,3
97314932,Theanine,0
97314932,Semax (or NA-Semax etc),7
97314932,Phenylpiracetam,9
97705086,Melatonin,0
97705086,Vegetarian diet,1
97705086,Trying to get more sleep,4
97705086,CBD,0
97705086,Bright lights in morning / Dawn simulator,2
97705086,Nicotine,3
97705086,Caffeine,4
97784298,CBD,7
97784298,Sulbutiamine,4
97784298,Creatine,10
97784298,Caffeine,10
97784298,No Fap (or otherwise avoiding masturbation),8
97784298,Magnesium,5
97784298,Omega-3 Supplements,6
97784298,Modafinil,9
97784298,Theanine,6
97784298,Coluracetam,9
97784298,Phenylpiracetam,10
97784298,Shilajit,5
97784298,Oxiracetam,9
97784298,Pramiracetam,8
97784298,Adrafinil,0
97784298,Fasoracetam,8
97784298,Noopept,10
97784298,Nicotine,8
97784298,Carnitine / Acetyl-L-Carnitine,8
97784298,Melatonin,8
97784298,Piracetam,8
97784298,Aniracetam,6
97784298,Alpha-GPC,6
97784298,Rhodiola,6
97784298,Curcumin,5
97784298,Choline,7
97998152,CBD,8
97998152,Bright lights in morning / Dawn simulator,6
97998152,Ashwagandha,5
97998152,Adderall,10
97998152,Ginseng,7
97998152,Modafinil,9
97998152,5-HTP,4
97998152,Caffeine,9
97998152,Trying to get more sleep,9
97998152,Trying to get less sleep,7
97998152,Nicotine,6
98428700,Cordyceps,0
98428700,Trying to get more sleep,5
98428700,Nicotine,5
98428700,Magnesium,0
98428700,Phenibut,9
98428700,Lion's Mane,8
98428700,Caffeine,7
98428700,Adderall,10
98428700,CBD,0
98428700,N-acetyl Cysteine (NAC),6
98428700,Creatine,6
98428700,Melatonin,2
98428700,LSD (microdose),8
98428700,5-HTP,0
98428700,No Fap (or otherwise avoiding masturbation),2
98553511,Melatonin,6
98553511,Adderall,9
98553511,Choline,0
98553511,Trying to get less sleep,1
98553511,Adrafinil,6
98553511,Nicotine,6
98553511,Ketogenic diet,6
98553511,Theanine,6
98553511,Magnesium,4
98553511,Caffeine,6
98553511,5-HTP,3
98553511,Trying to get more sleep,9
98553511,Modafinil,6
98553511,CBD,5
98623705,Caffeine,7
98728694,Ashwagandha,2
98728694,Magnesium,0
98728694,Nicotine,0
98728694,Caffeine,7
98728694,Omega-3 Supplements,6
98728694,Melatonin,3
98728694,Creatine,0
98728694,Lion's Mane,0
98728694,Trying to get more sleep,9
98728694,CBD,3
