5-HTP,ALCAR,Alpha-GPC,Ashwagandha,Bacopa,Black Seed Oil,Caffeine,CBD,Cerebrolysin,Coluracetam,Seligiline,Dextroamphetamine (Speed),Omega-3 Supplements,Dihexa,Etifoxine,Gingko Biloba,Ginseng,Huperzine A,IDRA-21,Inositol,Kratom,Lion's Mane,Theanine,LSD,Magnesium,MAOI,Melatonin,Modafinil,N-acetyl Cysteine (NAC),N-methyl-cyclazodone,Nicotine,Noopept,NSI-189,Oxiracetam,P21,Palmitoylethano,Phenibut,Phenylpiracetam,Phosphatidyl Serine,Piracetam,Pregenolone,PRL853,Psilocybin Microdose,rgpu-95,Rhodiola,Ritalin LA,SemaxandNASemaxetc,Tryptophan,Tyrosine,Uridine,Valerian Root
,,,,,,5.0,,,,,,,,,,,,,,,,7.0,,7.0,,6.0,,,,,,,,,,,,8.0,,,,,,,1.0,,,,,
0.0,5.0,9.0,6.0,1.0,,6.0,,,,,,8.0,,,,,,,,,,0.0,,10.0,8.0,4.0,8.0,7.0,,6.0,9.0,,0.0,,,,9.0,,2.0,2.0,,,,2.0,,,0.0,5.0,7.0,
,,,,,,7.0,,,,,,0.0,,,,,,,,,,6.0,,5.0,,8.0,,5.0,,,,,,,,,,,,,,,,6.0,,,2.0,5.0,,4.0
0.0,,5.0,6.0,,,1.0,8.0,10.0,,,7.0,8.0,0.0,,,,,,7.0,1.0,,7.0,,7.0,7.0,6.0,6.0,6.0,9.0,6.0,,,,,,10.0,7.0,,,,0.0,,,7.0,6.0,,5.0,6.0,,6.0
,,,,,,9.0,7.0,,,,,5.0,,,,,,,,,,,10.0,5.0,,0.0,,6.0,,,,,,,,,,,,,,,,10.0,,,,,,7.0
3.0,,4.0,3.0,5.0,,6.0,,,,,,4.0,,,,,,,,,,3.0,,4.0,,,,,,5.0,,,,,,,,,,,,,,,,,,,,4.0
,,,,,,7.0,9.0,,,,,9.0,,,,,,,,,,,7.0,9.0,,2.0,,8.0,,,,,,,,,,,,,,,,7.0,,,,,,7.0
,6.0,,5.0,,,7.0,3.0,,,,,6.0,,,,,0.0,,,,,6.0,,7.0,,6.0,,3.0,,,,,,,,,,6.0,,,,,,1.0,,,,8.0,,5.0
,,,,1.0,,5.0,,,6.0,,,,,,,,,,,,,,,,,,,,,1.0,,,,,,5.0,,,,,,,,,,,,,,
,,6.0,5.0,5.0,,7.0,,,,,,,,,,,8.0,,,,,6.0,,3.0,,0.0,,6.0,,,7.0,,,,,,6.0,,8.0,,,,,,,,,,,
,,,7.0,,,7.0,7.0,,,,7.0,4.0,,,,,,,,,,4.0,,5.0,,5.0,,3.0,,8.0,,,,,,,,,,,,,,,6.0,,,,,
,,2.0,,,,7.0,9.0,,,,,3.0,,,,,,,,,,8.0,,,,5.0,,,,4.0,,,,,,,,,,,,,,,,,,,,
,,7.0,5.0,,,10.0,10.0,,,,,,,,,,,,,,,5.0,,3.0,,5.0,1.0,,,3.0,,,,,,,10.0,,,,,,,,,,,,,
0.0,0.0,5.0,5.0,1.0,,,0.0,,0.0,,,6.0,,,,,1.0,,4.0,,,,,8.0,,10.0,,7.0,,,4.0,,9.0,,,,7.0,5.0,5.0,0.0,,,,8.0,,,2.0,2.0,,
,,5.0,7.0,4.0,,6.0,,,,7.0,,,,,,,,,,,,5.0,,5.0,,,7.0,3.0,,4.0,,,4.0,,,0.0,5.0,,5.0,,,,,,,,,,,
,,,,,,3.0,,,,,,,,,,,,,,,,5.0,1.0,6.0,5.0,8.0,,,,2.0,,,,,,,,,7.0,,,1.0,,,,,2.0,,,7.0
,,8.0,5.0,4.0,,5.0,,,,,,5.0,,,,,4.0,,4.0,,,8.0,,9.0,,,,5.0,,,8.0,10.0,8.0,,,4.0,4.0,7.0,,,,,,,,7.0,7.0,,3.0,6.0
5.0,3.0,9.0,5.0,3.0,,6.0,,,3.0,,7.0,2.0,,,,,3.0,,4.0,,,7.0,,4.0,,5.0,,8.0,,2.0,4.0,4.0,,,,0.0,,,4.0,,,,,,2.0,,5.0,10.0,9.0,4.0
0.0,5.0,0.0,9.0,8.0,,8.0,10.0,,4.0,,0.0,7.0,,,,,,,,5.0,,2.0,8.0,5.0,,6.0,,4.0,,5.0,0.0,,4.0,,,0.0,1.0,3.0,5.0,,,,,6.0,0.0,,3.0,4.0,4.0,6.0
8.0,,,5.0,,,4.0,7.0,,,,0.0,5.0,,,,,,,5.0,,,4.0,,10.0,,7.0,,6.0,,2.0,,,,,,,,,,,,6.0,,,,,4.0,,,8.0
,,,,,,5.0,8.0,,,,,,,,,,,,,,,,,5.0,,,5.0,,,0.0,,,,,,,,,,,,,,5.0,0.0,,,,,2.0
,,,,7.0,,6.0,,,,,,,,,,,,,,,,,,,,5.0,,,,6.0,,,,,,,,,,,,,,,,,,,,
,8.0,7.0,4.0,,,0.0,,,,,,,,,,,,,,6.0,,7.0,8.0,8.0,,6.0,4.0,5.0,,,4.0,,,,,7.0,,,8.0,,,,,,,,,,6.0,
5.0,,,6.0,,,10.0,,,,,5.0,,,,,,,,,,,5.0,,5.0,,8.0,,,,0.0,,,,,,,,,,,,,,5.0,,,,,,
,3.0,,4.0,,,3.0,1.0,,8.0,,8.0,9.0,,,,,,,,4.0,,10.0,8.0,7.0,,8.0,7.0,8.0,,7.0,9.0,,7.0,,,7.0,,,2.0,,,,,,2.0,,,,,
,,,,,,7.0,8.0,,,,,,,,,,,,,,,,,,,8.0,,,,8.0,,,,,,,,,,,,7.0,,,,,,,,
2.0,6.0,4.0,6.0,,,10.0,,,4.0,,5.0,,,,,,,,0.0,4.0,,3.0,,8.0,,0.0,0.0,6.0,,7.0,6.0,7.0,7.0,,,6.0,8.0,,3.0,7.0,10.0,,,,,,5.0,9.0,,5.0
,,,3.0,,,10.0,,,2.0,,,,,,,,,,,,,8.0,,6.0,,8.0,,,,6.0,,,,,,8.0,,,,,,,,4.0,,,,,,
7.0,,4.0,7.0,,,7.0,2.0,,2.0,,9.0,,,,,,,,,2.0,,2.0,6.0,3.0,,8.0,3.0,,,5.0,4.0,0.0,3.0,,,6.0,5.0,,3.0,,,6.0,,4.0,,4.0,,5.0,,5.0
,2.0,,5.0,,,6.0,7.0,,,,,7.0,,,,,,,,,,6.0,,7.0,,7.0,0.0,6.0,,,,,,,,,,,6.0,,,,,,,,,,10.0,
,,,7.0,,,6.0,6.0,,,,7.0,,,,,,,,,8.0,,7.0,,6.0,,7.0,,8.0,,8.0,,,,,,7.0,,,,,,,,,6.0,,,,,
2.0,2.0,2.0,7.0,1.0,,10.0,9.0,,,,,5.0,,,,,3.0,,6.0,,,6.0,,4.0,0.0,0.0,7.0,1.0,,0.0,4.0,,5.0,,,5.0,5.0,,3.0,,,9.0,,0.0,,,5.0,4.0,,4.0
,,,,,,9.0,5.0,,,,,,,,,,,,,,,2.0,,7.0,,6.0,,,,,,,,,,,,,,,,,,,,,,,,
5.0,4.0,5.0,0.0,,,7.0,6.0,,,,,,,,,,,,,6.0,,5.0,7.0,6.0,,7.0,5.0,3.0,,9.0,5.0,,,,,,2.0,,5.0,,,5.0,,,,,,,,
,,,6.0,,,5.0,,,,,8.0,,,,,,,,,4.0,,3.0,5.0,,,,6.0,,,1.0,0.0,,,,,8.0,,,,,,,,,10.0,,,,,
,,4.0,,,,7.0,,,,,0.0,5.0,,,,,,,,0.0,,6.0,,4.0,,2.0,10.0,,,5.0,3.0,,,,,,6.0,,,,,,,,5.0,,,,4.0,
0.0,,,8.0,0.0,,8.0,7.0,,,,,7.0,,,,,,,,7.0,,6.0,2.0,10.0,,5.0,,8.0,,2.0,1.0,,,,,6.0,,,,,,,,5.0,,,5.0,,,7.0
1.0,5.0,,,1.0,,4.0,,,,,,7.0,,,,,,,,,,6.0,,5.0,,,,0.0,,1.0,,,,,,,3.0,,,,,1.0,,,2.0,,,,,
5.0,,,,,,8.0,5.0,,,,7.0,,,,,,,,,6.0,,5.0,,6.0,,9.0,7.0,7.0,,,10.0,,6.0,,,4.0,,,,,,,,,5.0,,9.0,7.0,,
,,,7.0,,,9.0,,,,,,,,,,,,,,7.0,,5.0,,8.0,,5.0,,7.0,,,,,,,,,,,,,,,,,,,,,,10.0
4.0,,6.0,0.0,3.0,,9.0,,,5.0,,,6.0,,,,,,,,0.0,,7.0,7.0,0.0,,1.0,6.0,2.0,,7.0,3.0,,6.0,,,,6.0,,5.0,,,,,1.0,,8.0,,,,5.0
,,,,,,6.0,,,,,6.0,,,,,,,,,,,,,,,4.0,,,,,,,,,,,,,,,,,,,7.0,,,,,
0.0,,3.0,,5.0,,7.0,4.0,,,,6.0,,,,,,,,,,,6.0,,,,7.0,5.0,,,6.0,9.0,,3.0,,,7.0,5.0,,7.0,,,,,,2.0,,,5.0,,
,10.0,,5.0,,,8.0,5.0,,,,1.0,,,,,,,,,,,,7.0,7.0,,4.0,7.0,8.0,,7.0,5.0,,,,,4.0,,,,,8.0,,,8.0,,,,6.0,6.0,
,,,,,,,,,,,,,,,,,,,,,,,,,,,,,,,,,,,,,,,,,,,,,,,,,,
6.0,,3.0,3.0,3.0,,7.0,7.0,,,,9.0,5.0,,,,,8.0,,,5.0,,9.0,6.0,6.0,,5.0,4.0,3.0,,,3.0,,,,,,,5.0,,,,5.0,,3.0,2.0,,2.0,6.0,,9.0
,,,5.0,5.0,,9.0,,,,,,6.0,,,,,,,,9.0,,5.0,8.0,5.0,,7.0,10.0,,,0.0,,,,,,8.0,5.0,,,,,9.0,,5.0,,,,,,
6.0,,4.0,,,,2.0,,,,,7.0,,,,,,,,,,,,7.0,,,10.0,,,,8.0,,,3.0,,,1.0,,,,,,,,,9.0,,,8.0,,
8.0,,3.0,4.0,5.0,,9.0,5.0,,,,7.0,2.0,,,,,8.0,,,4.0,,8.0,6.0,6.0,,8.0,2.0,5.0,,,5.0,,,,,,,6.0,,,,7.0,,4.0,1.0,,5.0,6.0,,7.0
,,,,,,6.0,4.0,,,,,,,,,,,,,,,6.0,,,,,,,,8.0,,,,,,,,,,,,,,,,,,,,
1.0,,,,,,10.0,9.0,,,,,,,,,,,,,,,,,0.0,,7.0,6.0,,,,,,,,,,,,,,,,,,7.0,,,,,
7.0,,4.0,5.0,4.0,,9.0,9.0,,,,,3.0,,,,,10.0,,,4.0,,8.0,,5.0,,4.0,3.0,,,7.0,4.0,,,,,9.0,5.0,,3.0,,,,,5.0,7.0,,4.0,3.0,0.0,8.0
,,,6.0,,,7.0,,,,,,,,,,,,,,,,,7.0,7.0,,,,,,9.0,,,,,,,,,,,,,,8.0,,,,,,
,,,,,,10.0,4.0,,,,2.0,,,,,,,,,6.0,,,10.0,,,8.0,6.0,,,0.0,,,,,,10.0,,,,,,,,,10.0,,,,,
,,5.0,,,,5.0,1.0,,6.0,,0.0,,,,,,,,,9.0,,4.0,,,,3.0,4.0,,,4.0,,,,,,,7.0,,8.0,,,,,,0.0,,,,8.0,6.0
,,,7.0,,,2.0,5.0,,,,0.0,2.0,,,,,,,,,,4.0,,4.0,,2.0,,5.0,,4.0,,,,,,,,,,,,10.0,,,,,,,,
,,,5.0,5.0,,5.0,,,,,,,,,,,,,,,,4.0,,,,,,,,6.0,,,,,,,,,,,,,,3.0,,,,,,
,,,,,,10.0,6.0,,,,7.0,5.0,,,,,,,,,,6.0,,3.0,,6.0,0.0,,,4.0,,,,,,,,,5.0,,,,,,5.0,,,,,6.0
,,6.0,6.0,,,4.0,7.0,,,,,9.0,,,,,,,10.0,3.0,,5.0,,,,6.0,6.0,,,2.0,,,,,,,,,,,,,,8.0,,,,8.0,,6.0
,,,,,,8.0,9.0,,,,7.0,,,,,,,,,,,,,,,,,,,,,,,,,,,,,,,,,,,,,,,
,,,,,,5.0,,,,,,,,,,,,,,,,3.0,,3.0,,9.0,,,,3.0,,,,,,,,,,,,,,,,,,4.0,,
,,,,,,9.0,,,,,,,,,,,,,,,,5.0,,2.0,,4.0,,,,,,,,,,,,,,,,,,,,,,,,
,8.0,,5.0,,,10.0,3.0,,,,,8.0,,,,,2.0,,,,,8.0,,7.0,,7.0,,4.0,,,,,,,,,,6.0,,,,,,2.0,,,,8.0,,8.0
,,,7.0,,,7.0,7.0,,,,1.0,5.0,,,,,,,,7.0,,7.0,6.0,5.0,,6.0,,5.0,,1.0,,,,,,,,,,,,7.0,,,,,,1.0,,7.0
7.0,,,3.0,,,7.0,,,,,,6.0,,,,,,,,,,9.0,,7.0,,1.0,,8.0,,,,,,,,,,,,,,6.0,,7.0,,,,0.0,,3.0
,,,,,,7.0,,,,,,,,,,,,,,,,9.0,,,,8.0,,,,4.0,,,,,,,,,,,,,,,,,,,,
4.0,,,5.0,3.0,,7.0,8.0,,,,,,,,,,,,3.0,,,8.0,,6.0,,5.0,,,,,,,,,,,,,,,,7.0,,,,,,,,7.0
8.0,,,9.0,,,8.0,7.0,,,,,,,,,,,,,5.0,,10.0,7.0,8.0,,5.0,,,,0.0,,,,,,,,,,,,8.0,,,2.0,,,,,10.0
,,,,,,7.0,,,,,,,,,,,,,,,,,,5.0,,2.0,,,,0.0,,,,,,,,,0.0,,,,,,,,,,,
,3.0,,6.0,,,7.0,,,,,,3.0,,,,,,,,0.0,,3.0,,,8.0,,,5.0,,7.0,8.0,,,,,8.0,4.0,,,,,,,8.0,5.0,,,5.0,,
,,,,,,6.0,0.0,,,,,,,,,,,,,,,,,6.0,,1.0,,,,8.0,,,,,,,,,,,,,,,,,,,,
,5.0,2.0,5.0,2.0,,,9.0,,,,,3.0,,,,,,,,,,2.0,0.0,5.0,5.0,0.0,,5.0,,,,,,,,,,3.0,,,,1.0,,7.0,,,,,,
,,,5.0,4.0,,0.0,7.0,,,,,,,,,,,,,,,5.0,,10.0,,,,,,,7.0,,,,,6.0,,,,,,5.0,,,2.0,,,,,
,,,,,,7.0,4.0,,,,7.0,,,,,,,,,,,6.0,,6.0,,5.0,,,,3.0,,,,,,,,,,,,,,,,,,,,
6.0,3.0,,,,,2.0,,,,,5.0,,,,,,,,,7.0,,8.0,8.0,3.0,,3.0,5.0,0.0,,2.0,0.0,,,,,10.0,7.0,,,,2.0,,,,,,,,,7.0
,,,3.0,2.0,,7.0,6.0,,,,0.0,,,,,,,,,,,7.0,,,1.0,,,,,9.0,,,,,,,,,,,,7.0,,,2.0,,,4.0,,
,,,6.0,,,0.0,,,,,,,,,,,,,,,,,,7.0,,7.0,,,,,,,,,,,,,,,,,,2.0,,,,,,
,,5.0,3.0,,,6.0,,,,,7.0,5.0,,,,,,,,10.0,,6.0,5.0,5.0,,7.0,5.0,4.0,,0.0,5.0,,,,,7.0,7.0,,2.0,,,,,5.0,6.0,,,,,5.0
3.0,,,5.0,,,2.0,7.0,,,,,,,,,,,,,7.0,,4.0,,4.0,,8.0,,5.0,,,,,,,,4.0,,,,,,8.0,,3.0,5.0,,,,,
3.0,5.0,,6.0,,,0.0,5.0,,,,,,,,,,,,5.0,,,5.0,,5.0,,,4.0,,,,,,,,,,,,,,,,,,3.0,,,,,
10.0,,5.0,0.0,,,7.0,,,,,6.0,,,,,,,,,9.0,,10.0,4.0,7.0,,8.0,7.0,9.0,,7.0,,,,,,3.0,,,5.0,,,,,8.0,5.0,,,6.0,,
4.0,8.0,2.0,8.0,3.0,,8.0,,,,,5.0,2.0,,,,,,,,9.0,,5.0,8.0,10.0,,5.0,,,,8.0,2.0,,,,,5.0,9.0,,,,,,,,,,,8.0,,
,,,5.0,,,0.0,3.0,,,,,,,,,,,,,,,2.0,5.0,4.0,,0.0,,3.0,,0.0,,,,,,,,,,,,0.0,,,,,,,,
,8.0,5.0,6.0,5.0,,0.0,,,,,5.0,3.0,,,,,,,,,,7.0,,7.0,,4.0,,5.0,,4.0,,,,,,6.0,,,,,,,,9.0,,,,,,
,,,,,,2.0,,,,,,,,,,,,,,,,2.0,,3.0,,,,,,,,,,,,,,,,,,,,,,,,,,
,,8.0,,,,8.0,,,,,,,,,,,,,,,,,,,,,,,,,6.0,,,,,,,,8.0,,,,,,,,,,,
,,,,,,4.0,,,,,,4.0,,,,,,,,,,3.0,,,,3.0,8.0,,,0.0,,,,,,,,,,,,,,,,,,,8.0,
4.0,4.0,3.0,5.0,3.0,,5.0,4.0,,7.0,,7.0,,,,,,3.0,,3.0,8.0,,5.0,7.0,5.0,,4.0,5.0,8.0,,0.0,5.0,7.0,9.0,,,0.0,7.0,4.0,6.0,,,9.0,,2.0,7.0,6.0,4.0,3.0,3.0,4.0
,,,6.0,,,7.0,5.0,,,,7.0,,,,,,,,,,,9.0,,7.0,,7.0,,,,2.0,,,5.0,,,,,,,,,,,,7.0,,,,,
,,,0.0,,,6.0,7.0,,,,,8.0,,,,,8.0,,,,,6.0,,,,,,,,,,,,,,,,,,,,,,,,,,,,
,,,,,,6.0,5.0,,,,,,,,,,,,,,,7.0,,,,6.0,7.0,,,0.0,,,,,,7.0,,,,,,,,,,,,,,
4.0,7.0,3.0,7.0,4.0,,7.0,10.0,,,6.0,7.0,6.0,,,,,7.0,,,7.0,,,,5.0,10.0,8.0,,,,5.0,5.0,,,2.0,,6.0,4.0,7.0,,,6.0,7.0,,8.0,,,,,6.0,6.0
,,,,,,6.0,7.0,,,,,,,,,,,,,7.0,,7.0,8.0,,,5.0,,,,,,,,,,,,,,,,,,8.0,10.0,,,,,8.0
7.0,,,3.0,10.0,,7.0,6.0,,,,9.0,,,,,,,,5.0,0.0,,7.0,5.0,8.0,,2.0,,6.0,,4.0,,,,,,,,,,,,4.0,,7.0,,,,9.0,,5.0
6.0,,,4.0,10.0,,10.0,5.0,,,,10.0,,,,,,,,4.0,1.0,,6.0,5.0,8.0,,3.0,,5.0,,5.0,,,,,,,,,,,,3.0,,7.0,,,,6.0,,9.0
8.0,,,10.0,,,6.0,,,,,,,,,,,,,,10.0,,6.0,,7.0,,6.0,,,,8.0,,,,,,,,,,,,,,,,,6.0,8.0,,8.0
,,,6.0,5.0,,5.0,,,,,,,,,,,,,5.0,,,5.0,6.0,4.0,,2.0,,,,,,,,,,,,,,,,7.0,,5.0,,,,4.0,,
4.0,,,6.0,1.0,,6.0,8.0,,,,6.0,6.0,,,,,,,,4.0,,8.0,,7.0,,7.0,,,,,2.0,,,,,8.0,,6.0,,,,,,7.0,0.0,,,,,
7.0,,7.0,5.0,2.0,,6.0,5.0,,,,,,,,,,,,,,,9.0,5.0,6.0,,5.0,10.0,4.0,,,,,,,,2.0,,,,,,8.0,,0.0,,,4.0,,,8.0
,,,,,,8.0,4.0,,,,,5.0,,,,,,,,,,8.0,7.0,5.0,9.0,6.0,0.0,,,,,,,,,,3.0,,2.0,,,7.0,,,10.0,,,2.0,,5.0
,3.0,,,,,9.0,,,,,,,,,,,,,,,,2.0,,4.0,,2.0,,,,,,,,,,,,,,,,,,,,,,,,
4.0,,,,,,6.0,4.0,,,,,,,,,,,,,,,5.0,8.0,4.0,,3.0,,,,1.0,0.0,,,,,,7.0,,,,,,,5.0,,,2.0,4.0,,
,,,8.0,,,8.0,7.0,,,,6.0,,,,,,,,,,,,,,,0.0,10.0,,,0.0,,,,,,,,,,,,,,,7.0,,,,,
9.0,,,7.0,,,6.0,7.0,,,,,,,,,,,,,6.0,,8.0,,1.0,,8.0,,10.0,,8.0,,,,,,,,,,,,,,6.0,,,8.0,9.0,,6.0
,,,8.0,,,8.0,5.0,,,,,,,,,,,,,6.0,,7.0,7.0,,,6.0,5.0,,,10.0,,,,,,8.0,,,,,,,,,,,,,,4.0
6.0,3.0,5.0,7.0,6.0,,6.0,,,,,,7.0,,,,,7.0,,,,,7.0,,7.0,,7.0,8.0,7.0,,5.0,7.0,,8.0,10.0,,7.0,3.0,,,,10.0,,,8.0,,6.0,,10.0,6.0,6.0
,10.0,7.0,9.0,5.0,,8.0,,,,,,6.0,,,,,8.0,7.0,,,,10.0,,8.0,,7.0,,,,,6.0,,,,,,5.0,,5.0,,7.0,,,6.0,,,,,,
5.0,5.0,7.0,4.0,4.0,,9.0,,,,,,2.0,,,,,4.0,,,,,10.0,,9.0,,10.0,,8.0,,7.0,,,6.0,,,,5.0,7.0,9.0,,,,,6.0,,,,6.0,9.0,9.0
,,,,,,8.0,,,,,,5.0,,,,,,,,,,8.0,,2.0,,,,,,,,,,,,,,,,,,,,,,,,,,
2.0,4.0,7.0,7.0,4.0,,10.0,10.0,,,,7.0,5.0,,,,,6.0,,,7.0,,7.0,7.0,10.0,,4.0,6.0,5.0,,8.0,9.0,,,,,8.0,7.0,,8.0,,,6.0,,7.0,5.0,,5.0,5.0,,
4.0,,,,,,6.0,3.0,,,,5.0,,,,,,,,,8.0,,6.0,,3.0,,6.0,9.0,,,0.0,,,,,,7.0,10.0,,,,,,,,7.0,,,,,
,,,,,,6.0,,,,,,,,,,,,,,8.0,,10.0,,,,,,,,1.0,,,,,,5.0,,,,,,,,4.0,,,,,,
,,7.0,5.0,,,0.0,8.0,,,,,2.0,,,,,5.0,,,,,5.0,,2.0,,0.0,,,,,5.0,,8.0,,,,,,,,,,,,,,,,,
5.0,,,5.0,2.0,,8.0,,,,,,,,,,,5.0,,,,,9.0,,6.0,,10.0,,3.0,,9.0,,,,,,7.0,,,,,,,,2.0,,,,7.0,,7.0
,5.0,6.0,6.0,3.0,,6.0,,,7.0,,,2.0,,,,,3.0,,,,,8.0,,3.0,,4.0,9.0,5.0,,,1.0,,6.0,,,,6.0,4.0,8.0,,,,,8.0,,,,9.0,3.0,
,,,,,,7.0,0.0,,,,9.0,9.0,,,,,,,,,,6.0,7.0,6.0,6.0,5.0,,,,5.0,,,,,,,,,,,,8.0,,,6.0,,,,,
,,,6.0,7.0,,10.0,7.0,,,,8.0,,,,,,,,,8.0,,8.0,7.0,5.0,,,,,,,,,,,,6.0,,,,,,,,6.0,,5.0,,,,7.0
,,,,,,1.0,5.0,,,,6.0,5.0,,,,,,,,7.0,,4.0,,,,6.0,8.0,,,,,,5.0,,,5.0,,,,,,,,,,,,,,
,,,5.0,,,6.0,,,,,7.0,5.0,,,,,5.0,,,1.0,,5.0,,3.0,,3.0,,7.0,,6.0,5.0,,,,,,,,,,,,,0.0,,,,,,
7.0,,3.0,,,,1.0,2.0,,,,5.0,7.0,,,,,9.0,,,7.0,,7.0,9.0,10.0,,10.0,0.0,8.0,,5.0,,,,,2.0,9.0,3.0,4.0,4.0,6.0,,0.0,,4.0,8.0,,,7.0,,8.0
6.0,,,,0.0,,10.0,8.0,2.0,,,,,,,,,,,,8.0,,5.0,1.0,,,8.0,,,,,,,,,,,,,,,,,,6.0,6.0,,,,,
,,,8.0,2.0,,6.0,,,,,,,,,,,3.0,,,,,9.0,7.0,2.0,,6.0,,,,0.0,,,,,,,,,,,,6.0,,,,,,,,
,,,,,,8.0,,,,,,9.0,,,,,,,,,,8.0,,8.0,,6.0,,,,,,,,,,,,,4.0,,,,,,,,3.0,,,
,,,,,,0.0,6.0,,,,,,,,,,,,,8.0,,,,7.0,,0.0,,,,5.0,,,,,,8.0,,,,,,,,,,,,,,
,,,5.0,,,,,,,,,,,,,,,,,,,,,7.0,,8.0,,,,,5.0,,,,,,,,,,,,,,,,,,,
2.0,5.0,5.0,4.0,3.0,,7.0,,,,,,5.0,,,,,,,,,,4.0,,2.0,,5.0,,3.0,,,4.0,,5.0,,,3.0,4.0,,2.0,,,,,,,,,5.0,,4.0
,,,,,,6.0,0.0,,,,,5.0,,,,,,,,,,5.0,,3.0,,5.0,,,,2.0,,,,,,,,,,,,,,,,,3.0,,,
,5.0,,4.0,,,4.0,,,,,,9.0,,,,,,,,,,2.0,,7.0,,7.0,,5.0,,,,,,,,,,3.0,,,,,,4.0,,,,,,
,6.0,,5.0,,,4.0,,,,,,6.0,,,,,,,,,,1.0,,9.0,,8.0,,4.0,,,,,,,,,,4.0,,,,,,3.0,,,,,,
5.0,,2.0,,,,8.0,4.0,,,,,9.0,,,,,,,,7.0,,8.0,,,,5.0,,,,6.0,,,,,,8.0,,,,,,,,,9.0,,,7.0,,5.0
10.0,,,10.0,7.0,,5.0,5.0,,,,,,,,,,,,,,,10.0,,7.0,,7.0,9.0,,,7.0,,,,,,,,,,,,,,,,,,,,
4.0,,,5.0,,,3.0,7.0,,,,,9.0,,,,,,,2.0,,,5.0,,7.0,,5.0,,7.0,,3.0,,,,,,,,9.0,,,,6.0,,3.0,,,,0.0,,8.0
,,,,,,5.0,0.0,,,,,5.0,,,,,,,,,,3.0,,3.0,,3.0,,,,0.0,,,,,,,,,,,,,,,,,2.0,,,
,,6.0,,6.0,,5.0,,,,,10.0,,,,,,,,,,,9.0,,,,5.0,7.0,,,,7.0,,7.0,,,,10.0,,6.0,,,,,7.0,7.0,,,,,
,,,2.0,,,5.0,6.0,,,,7.0,4.0,,,,,,,,,,7.0,,5.0,,3.0,,7.0,,10.0,3.0,,4.0,,,8.0,,,4.0,,,,,,,,,7.0,,
,,,,,,8.0,6.0,,,,7.0,7.0,,,,,,,,,,,,5.0,,,,,,,,,,,,,,,,,,,,,7.0,,,,,
5.0,,,9.0,5.0,,6.0,8.0,,,,,,,,,,,,,,,10.0,8.0,7.0,,9.0,,4.0,,1.0,,,,,,,,,,,,0.0,,,,,,,,1.0
10.0,,,,4.0,,4.0,4.0,,,,,,,,,,,,,,,5.0,,4.0,,0.0,,,,,,,,,,,,,,,,,,,,,,,,
,,,7.0,,,10.0,8.0,,,,,,,,,,,,,,,5.0,,3.0,,8.0,10.0,,,10.0,,,3.0,,,,,,3.0,,,,,,,,,4.0,,
,,,,,,9.0,,,,,,,,,,,,,4.0,,,,,,8.0,7.0,6.0,6.0,,7.0,,,7.0,,,7.0,8.0,,6.0,,,7.0,,,,,,,,
,,,6.0,,,8.0,,,,,,,,,,,,,,,,,,,,,6.0,,,0.0,,,,,,,,,,,,,,,,,,,,
,,,,,,5.0,,,,,,,,,,,,,,,,,,,,,,,,,,,,,,,,,,,,,,,,,,,,
4.0,,,7.0,5.0,,0.0,1.0,,,,,,,,,,,,,,,8.0,,2.0,,3.0,5.0,,,0.0,,,,,,,,,2.0,,,8.0,,0.0,,,,,,
,,,,6.0,,6.0,4.0,,,,5.0,,,,,,,,,8.0,,8.0,,3.0,,7.0,,,,6.0,,,,,,7.0,,,,,,,,,,,,,,
9.0,,8.0,9.0,,,7.0,6.0,,,,0.0,6.0,,0.0,,,3.0,,10.0,6.0,,6.0,,7.0,,8.0,,8.0,7.0,8.0,,,,,,,,10.0,,5.0,,,,8.0,10.0,,,6.0,3.0,5.0
2.0,,,,,,8.0,10.0,,,,,,,,,,,,,,,3.0,,9.0,,8.0,,,,6.0,,,,,,,,,,,,,,,,,,,,
8.0,,,,,,7.0,0.0,,,,,7.0,,,,,,,,,,6.0,,9.0,,4.0,,,,1.0,,,,,,,,,,,,,,,6.0,,,9.0,,
7.0,,8.0,,,,5.0,4.0,,,,,,,,,,,,,1.0,,6.0,,3.0,6.0,6.0,6.0,9.0,,8.0,0.0,,2.0,,,6.0,,,7.0,,,,,,,,,7.0,,
3.0,10.0,3.0,5.0,7.0,,6.0,1.0,,,,,2.0,,,,,8.0,,,0.0,,5.0,,4.0,,8.0,0.0,6.0,,8.0,,,,,,,,3.0,,,,,,4.0,0.0,,,6.0,10.0,2.0
,5.0,2.0,1.0,0.0,,10.0,,,,,,7.0,,,,,7.0,,,,,8.0,,5.0,,,,2.0,,,5.0,,,,,4.0,,,2.0,,,,,,,,,8.0,3.0,
,,,7.0,,,7.0,,,,,,10.0,,,,,,,,,,,,5.0,,6.0,,,,,,,,,,,,,,,,9.0,,6.0,5.0,,,,,0.0
7.0,,,8.0,,,7.0,3.0,,,,5.0,,,,,,,,,3.0,,1.0,,3.0,,7.0,,,,5.0,,,5.0,,,,,,8.0,,,9.0,,,4.0,,,,,
,7.0,6.0,5.0,6.0,,7.0,5.0,,2.0,,,3.0,,,,,,,5.0,,,10.0,7.0,5.0,,3.0,6.0,7.0,,2.0,4.0,,4.0,,,,,5.0,4.0,,,,,7.0,,8.0,,8.0,3.0,7.0
6.0,,,,,,,5.0,,,,,,,,,,,,,7.0,,2.0,,3.0,,1.0,5.0,2.0,,,,,,,,,,,,,,8.0,,,0.0,,,,,
4.0,3.0,0.0,10.0,3.0,,9.0,1.0,,,,5.0,2.0,,,,,,,9.0,,,8.0,7.0,7.0,,8.0,4.0,4.0,,2.0,7.0,4.0,,,,,3.0,,1.0,9.0,,3.0,,8.0,6.0,1.0,4.0,6.0,,7.0
,,,,,,,5.0,,,,,,,,,,,,,,,,,,,6.0,,,,,,,,,,,,,,,,,,,,,,,,
8.0,,,7.0,7.0,,9.0,8.0,,,,,,,,,,,,,,,6.0,,6.0,,7.0,6.0,,,8.0,,,,,,,,,,,,,,,,,,,,
2.0,3.0,3.0,8.0,,,5.0,,,,,,0.0,,,,,,,,,,8.0,,4.0,,6.0,7.0,6.0,,8.0,5.0,,8.0,,,5.0,8.0,,3.0,,,,,7.0,,,2.0,7.0,,
,9.0,4.0,0.0,1.0,,6.0,,,,,,5.0,,,,,,,,,,8.0,,4.0,,,,4.0,,,4.0,,,,,5.0,,,2.0,,,,,,,,,,2.0,
4.0,,7.0,5.0,,,7.0,8.0,,,,8.0,6.0,,,,,5.0,,,,,7.0,,3.0,,7.0,7.0,,,2.0,,,,,,,,,,,,,,10.0,4.0,,,,,
10.0,,2.0,,,,9.0,8.0,,,,,,,,,,3.0,,,,,5.0,,,2.0,2.0,7.0,,,,8.0,,,,,,2.0,,,,,,,4.0,,,5.0,7.0,,
6.0,6.0,,9.0,,,1.0,6.0,,,,,5.0,,,,,,,,0.0,,7.0,8.0,7.0,,7.0,7.0,,,5.0,5.0,,6.0,,,1.0,7.0,,5.0,,,,,,,,5.0,6.0,,
,,,7.0,,,8.0,6.0,,,,6.0,5.0,,,,,5.0,,2.0,,,4.0,,4.0,,5.0,,5.0,,8.0,,,,,,,,,,,,,,,6.0,,,3.0,,
,7.0,8.0,8.0,5.0,,7.0,,8.0,,,,9.0,,,,,,,,,,7.0,,,,8.0,6.0,,,,9.0,,8.0,,,,8.0,,6.0,,,,,8.0,,5.0,,,,
5.0,3.0,2.0,6.0,4.0,,5.0,4.0,2.0,5.0,5.0,5.0,2.0,5.0,4.0,,,4.0,3.0,3.0,5.0,,5.0,4.0,5.0,2.0,6.0,3.0,4.0,2.0,3.0,3.0,3.0,5.0,5.0,3.0,4.0,5.0,5.0,3.0,3.0,5.0,5.0,5.0,4.0,3.0,4.0,5.0,2.0,4.0,2.0
2.0,2.0,2.0,7.0,4.0,,5.0,5.0,3.0,2.0,2.0,3.0,4.0,5.0,3.0,,,3.0,4.0,5.0,4.0,,3.0,3.0,10.0,5.0,10.0,4.0,4.0,5.0,2.0,5.0,4.0,3.0,5.0,2.0,5.0,4.0,4.0,5.0,5.0,2.0,3.0,4.0,5.0,2.0,5.0,4.0,3.0,4.0,5.0
5.0,6.0,,8.0,,,6.0,6.0,,2.0,,6.0,,,,,,,,,,,9.0,5.0,9.0,,7.0,7.0,6.0,,5.0,6.0,2.0,8.0,,,,5.0,,,,,7.0,,,,,,,,
9.0,,4.0,,,,9.0,,,3.0,,6.0,,,,,,,,,,,5.0,,8.0,,10.0,9.0,,,6.0,4.0,,2.0,,,7.0,7.0,,7.0,,,,,,,,,,,
7.0,,,,,,6.0,3.0,,,,6.0,,,,,,,,,9.0,,3.0,8.0,7.0,,7.0,,,,0.0,,,,,,6.0,,,,,,,,,9.0,,,5.0,,8.0
,,,,,,,6.0,,,,,,,,,,,,,6.0,,,4.0,6.0,,10.0,2.0,6.0,,0.0,,,,,,,7.0,,,,,8.0,,,,,,,,
,,,,,,6.0,5.0,,,,,10.0,,,,,,,,,,6.0,10.0,8.0,,8.0,,,,,,,,,,,,,,,,8.0,,6.0,,,,,,
10.0,,,7.0,,,8.0,4.0,,,,,,,,,,,,,,,5.0,,6.0,,6.0,,,,4.0,,,,,,,,,,,,,,,9.0,,,8.0,,
4.0,,10.0,,6.0,,6.0,7.0,,,,,,,,,,8.0,,,6.0,,6.0,,3.0,6.0,9.0,9.0,,,7.0,6.0,,,,,7.0,,,,,9.0,,,,,,,6.0,,
3.0,,,,,,7.0,5.0,,,,,,,,,,7.0,,,8.0,,7.0,7.0,8.0,9.0,8.0,,10.0,,7.0,,,,,,8.0,7.0,9.0,7.0,,,,,,,,10.0,,9.0,
,,,,,,6.0,,,,,,,,,,,,,,,,5.0,,9.0,,,,,,,,,,,,,,,10.0,,,,,,,,,,,
,7.0,,3.0,7.0,,6.0,,,,,,5.0,,,,,,,5.0,6.0,,7.0,,6.0,,,7.0,,,,0.0,,7.0,,,7.0,6.0,5.0,8.0,,,,,9.0,,,,6.0,8.0,2.0
,,,,,,6.0,,,,,,6.0,,,,,,,,,,0.0,,8.0,,,,,,,,,,,,,,,,,,,,,,,,,,
,8.0,7.0,2.0,,,5.0,,,,,6.0,9.0,,,,,,,9.0,,,6.0,,1.0,,7.0,,,,6.0,,,,,,,,6.0,,,,,,6.0,,,,,8.0,
,,,,,,5.0,6.0,,,,8.0,6.0,,,,,4.0,,,,,8.0,,5.0,,10.0,,6.0,,,,,,,,,,,,,,,,7.0,,,,7.0,,
0.0,5.0,,5.0,0.0,,7.0,,,,,,3.0,,,,,,,,,,6.0,,2.0,,2.0,,5.0,,,6.0,,,,,,0.0,,,5.0,,,,0.0,,,,1.0,,
,,6.0,6.0,2.0,,5.0,5.0,,,,,7.0,,,,,4.0,,3.0,5.0,,2.0,9.0,5.0,,6.0,5.0,,,7.0,,5.0,,,,8.0,,,3.0,,2.0,8.0,,4.0,7.0,,,,4.0,
8.0,,,0.0,,,1.0,0.0,,,,8.0,6.0,,,,,,0.0,,,,1.0,,7.0,,6.0,5.0,7.0,,6.0,8.0,,,,,7.0,,,5.0,,,,,,9.0,8.0,,7.0,,
0.0,,7.0,,,,9.0,6.0,,,,9.0,5.0,,,,,,,,,,,8.0,10.0,,1.0,,,,6.0,,,,,,,,10.0,0.0,2.0,,9.0,,,,,,,,
8.0,,,8.0,,,10.0,2.0,,,,8.0,,,,,,,,,,,10.0,,,,3.0,,,,3.0,,,,,,,,,,,,,,,,,,,,
7.0,4.0,,5.0,6.0,,9.0,5.0,,,,,,,,,,,,,,,4.0,,6.0,,8.0,,,,2.0,,,,,,,,,4.0,,,,,4.0,,,,,,
,,,,,,0.0,,,,,,,,,,,,,,,,3.0,,,,6.0,,,,6.0,,,,,,,,,,,,,,,8.0,,,,,7.0
,,,3.0,,,8.0,5.0,,,,,,,,,,,,,,,,,,,8.0,,,,,,,,,,,,,,,,6.0,,,,,,,,
5.0,3.0,3.0,5.0,6.0,,8.0,10.0,,,,,5.0,,,,,0.0,,8.0,,,4.0,,7.0,,,6.0,6.0,,7.0,,,,,,5.0,,,,,,,,8.0,,,4.0,9.0,,
6.0,,,6.0,6.0,,6.0,,,,,10.0,5.0,,,,,,,5.0,,,5.0,,6.0,,5.0,,3.0,,3.0,,,,,,,,,,,,,,7.0,,,8.0,5.0,,
,,,6.0,8.0,,6.0,7.0,,,,,,,,,,,,3.0,,,8.0,,6.0,,7.0,,,,6.0,8.0,,,,,,5.0,,,,,,,8.0,,,,6.0,,
,,7.0,8.0,3.0,,9.0,5.0,,,,5.0,9.0,,,,,,,6.0,6.0,,9.0,,5.0,,6.0,7.0,2.0,,8.0,,,,,,7.0,,,,,,,,8.0,,,,4.0,,
,,,7.0,,,7.0,7.0,,,,,,,,,,,,,,,6.0,,,,7.0,,,,,,,,,,,,,,,,,,,,,,,,
5.0,,,7.0,,,2.0,7.0,,,,7.0,,,,,,,,,7.0,,6.0,0.0,5.0,,7.0,,,,7.0,,,,,,,,,,,,,,,,,,4.0,,
0.0,7.0,,4.0,6.0,,6.0,,,,,9.0,7.0,,,,,,,2.0,,,9.0,,10.0,,0.0,,4.0,,0.0,,,,,,1.0,,4.0,,,,,,4.0,,,7.0,0.0,,2.0
,,,,,,4.0,8.0,,,,,,,,,,,,,8.0,,5.0,,7.0,,6.0,,,,7.0,,,,,,,,,,,,,,,,,,,,
5.0,,,5.0,6.0,,10.0,7.0,,,,,,,,,,2.0,,,6.0,,7.0,8.0,4.0,,7.0,6.0,5.0,,9.0,0.0,,,,,5.0,8.0,,,,,7.0,,2.0,,,,4.0,,8.0
2.0,,5.0,,,,1.0,4.0,,,,6.0,,,,,,,,,5.0,,,,4.0,,5.0,,,,1.0,4.0,,,,,2.0,5.0,,,,,0.0,,,2.0,,,,,
,,,7.0,,,5.0,,,,,2.0,7.0,,,,,,,,,,,,6.0,,10.0,,,,,,,,,,,,,,,,,,7.0,8.0,,,,,0.0
,,,,,,2.0,,,,,,,,,,,,,,,,,,,,3.0,,,,,,,,,,,,,,,,,,,,,,,,
,,,7.0,1.0,,8.0,8.0,,,,,5.0,,,,,,,,,,2.0,,,,5.0,,,,1.0,,,,,,,,,,,,,,,,,,,,4.0
,,,,,,10.0,,,,,,,,,,,,,,,,4.0,,4.0,,,,7.0,,7.0,,,,,,,,,,,,,,,8.0,,,,,
,,,,,,4.0,,,,,,,,,,,,,,,,10.0,,4.0,,3.0,,,,,,,,,,,,,,,,8.0,,,,,,,,
,,,,,,9.0,5.0,,4.0,,6.0,,,,,,,,,,,7.0,,,,,,,,6.0,,,,,,,5.0,,5.0,,,,,,7.0,5.0,,,,
6.0,7.0,5.0,10.0,7.0,,8.0,7.0,,,,0.0,10.0,,,,,7.0,,7.0,6.0,,8.0,,6.0,,5.0,8.0,7.0,,5.0,8.0,,,,,,,,8.0,,,10.0,,9.0,,,8.0,8.0,,
2.0,,5.0,7.0,8.0,,5.0,,,,,,9.0,,,,,,,,,,,,4.0,,,7.0,,,7.0,4.0,,,,,,,,3.0,,,,,5.0,,,,,5.0,
,,9.0,7.0,,,8.0,,,,,,3.0,,,,,,,,,,0.0,,6.0,,,,,,,,,7.0,,,8.0,,,,,,,,,,,7.0,8.0,,
0.0,5.0,5.0,3.0,4.0,,8.0,6.0,,,,,4.0,,,,,0.0,,3.0,0.0,,7.0,,4.0,1.0,6.0,7.0,5.0,,0.0,4.0,,,,,0.0,,,5.0,,,,,3.0,,,5.0,3.0,,8.0
7.0,,,3.0,,,9.0,3.0,,,,,,,,,,,,,,,,,6.0,,8.0,,,,8.0,,,,,,,,,,,,,,6.0,,,,,,7.0
,,,8.0,,,6.0,,,,,10.0,,,,,,,,,6.0,,8.0,8.0,6.0,,6.0,7.0,,,7.0,8.0,,,,,7.0,,,,,,,,,,,,,,
,,,,,,,7.0,,,,9.0,,,,,,,,,,,,,8.0,,,10.0,,,0.0,4.0,,,,,,,,,,,,,,5.0,,,,,
2.0,,,,,,8.0,7.0,,,,8.0,9.0,,,,,,,,,,2.0,,4.0,,0.0,,,,10.0,,,,,,,,,,,,,,,,,3.0,4.0,,1.0
,,4.0,,0.0,,7.0,,,,,,,,,,,,,,,,7.0,,2.0,,,,,,,,,5.0,,,,6.0,,2.0,,,,,,,,,,,
,,,,,,,,,,,,,,,,,,,,,,,,,,,,,,0.0,,,3.0,,4.0,0.0,1.0,,0.0,0.0,0.0,,0.0,,5.0,,0.0,,,9.0
7.0,,,3.0,4.0,,7.0,4.0,,,,6.0,3.0,,,,,,,,7.0,,9.0,,,,8.0,1.0,,,7.0,7.0,,,,,8.0,,,3.0,,,,,5.0,8.0,,,,,9.0
,,,,,,,,,,,,,,,,,,,,,,,,,,,,,,,,,,,,,,,,,,,,,,,,,,
5.0,,,0.0,,,7.0,8.0,,,,,,,,,,3.0,,,9.0,,7.0,,3.0,,4.0,9.0,,,,7.0,,,,,7.0,,,5.0,,,,,4.0,,2.0,4.0,,,5.0
4.0,10.0,6.0,7.0,2.0,,10.0,6.0,,6.0,,5.0,7.0,,,,,,,,,,7.0,8.0,6.0,,8.0,7.0,7.0,,,2.0,7.0,5.0,,,8.0,10.0,,7.0,,6.0,7.0,,6.0,,,3.0,6.0,,2.0
7.0,6.0,7.0,7.0,,,0.0,7.0,,,,7.0,7.0,,,,,2.0,,,7.0,,6.0,5.0,8.0,,6.0,1.0,,,3.0,5.0,,8.0,,,10.0,,,,,,7.0,,,,,,,6.0,8.0
7.0,,,,,,6.0,,,,,7.0,,,,,,,,,7.0,,8.0,,8.0,,2.0,6.0,,,7.0,,,,,,,9.0,,,,,,,,,,,8.0,5.0,8.0
9.0,,,,,,8.0,5.0,,,,,,,,,,,,,5.0,,,,,,9.0,,,,6.0,,,,,,8.0,,,,,,,,,,,,,,
5.0,10.0,0.0,,,,7.0,8.0,,,,,,,,,,,,,,,7.0,,,,,,,,8.0,0.0,,8.0,,,,,,6.0,,,,,,,,,,,
,,,,,,10.0,,,,,,,,,,,,,,,,,,,,,,,,6.0,,,,,,,,,,,,9.0,,,,,,,,
,,,,,,6.0,,,,,,,,,,,,,,,,,,,,5.0,8.0,,,1.0,,,,,,,,,,,,,,,,,,,,
,,,,,,7.0,10.0,,,,,,,,,,,,,,,5.0,5.0,2.0,,3.0,0.0,,,7.0,,,,,,,,,,,,8.0,,,6.0,,3.0,,,8.0
7.0,,,,,,8.0,9.0,,,,7.0,8.0,,,,,,,,,,,,,,4.0,,,,7.0,,,,,,,,,,1.0,,,,,,,,,,
,,8.0,7.0,2.0,,5.0,5.0,,,,,8.0,,,,,6.0,,,,,8.0,9.0,7.0,,0.0,,4.0,,4.0,8.0,,,,,8.0,7.0,,,,,6.0,,9.0,,,,,,
,,,5.0,,,7.0,8.0,,,,7.0,4.0,,,,,,,,,,8.0,,4.0,,9.0,7.0,,,5.0,,,,,,,,,,,,,,,,,,,,
5.0,,3.0,3.0,,,10.0,2.0,,,,,3.0,,,,,,,,,,0.0,,4.0,,2.0,10.0,4.0,,8.0,3.0,,,,,8.0,9.0,,8.0,,,,,3.0,,7.0,,,,
,,,,,,8.0,,,,,,,,,,,,,,,,1.0,,,,,,,,,,,,,,,,,,,,,,,,,,,,
9.0,,8.0,,,,8.0,5.0,,,,9.0,,,,,,,,,,,6.0,,,,,,,,5.0,6.0,,,,,,,,,,,8.0,,,,,,,,
,3.0,6.0,5.0,5.0,,,,,,,3.0,6.0,,,,,4.0,,,,,4.0,,2.0,,7.0,,,,,6.0,,9.0,,,,7.0,,,,,,,,,,,,,
0.0,,,,,,7.0,5.0,,,,8.0,,,,,,,,,,,,,8.0,,4.0,,,,5.0,,,,,,,,,,,,,,,,,,,,
5.0,,,,,,2.0,,,,,5.0,,,,,,,,5.0,,,5.0,,3.0,,1.0,1.0,,,4.0,2.0,,,,,,,,,,,,,,,,,,,
,,,,,,5.0,7.0,,,,,,,,,,,,,,,10.0,10.0,7.0,,4.0,,,,3.0,,,,,,,,,,,,,,,,,,,,
4.0,6.0,8.0,7.0,8.0,,4.0,3.0,,,,,10.0,,,,,6.0,,7.0,,,7.0,,8.0,7.0,9.0,10.0,6.0,,,7.0,,7.0,,,,7.0,,6.0,,,,,10.0,9.0,,6.0,8.0,8.0,5.0
,,,,,,,,,,,,,,,,,,,,,,,,,,,,,,,,,,,,,,,,,,,,,,,,,,
,,,,,,6.0,,,,,,,,,,,,,,,,8.0,,8.0,,8.0,,,,,,,,,,,,,,,,,,,,,,,,2.0
,,,3.0,,,7.0,9.0,,,,3.0,,,,,,,,10.0,9.0,,,,7.0,,0.0,2.0,4.0,,0.0,,,,,,9.0,,4.0,,,,,,4.0,,,,5.0,,6.0
,,,6.0,,,5.0,4.0,,,,,,,,,,,,,,,4.0,,,4.0,2.0,8.0,,,8.0,,,,,,4.0,,,,,,,,,,,,,,
,7.0,,,,,5.0,,,,,,3.0,,,,,,,5.0,,,7.0,,6.0,,8.0,7.0,7.0,,,,,,,,,,7.0,,,,,,,,,,5.0,,
5.0,,6.0,7.0,6.0,,4.0,,,,,,,,,,,6.0,,,8.0,,5.0,,,,1.0,,,,,7.0,,,,,5.0,7.0,,7.0,,,,,6.0,,,,,,
,,,3.0,,,7.0,6.0,,,,5.0,,,,,,,,10.0,7.0,,,,8.0,,0.0,0.0,4.0,,1.0,,,,,,8.0,,5.0,,,,,,5.0,,,,4.0,,6.0
2.0,,,3.0,,,6.0,4.0,,,,,3.0,,,,,,,,0.0,,5.0,,4.0,,6.0,,,,1.0,,,,,,,,,,,,,,,,,,,,
3.0,,5.0,2.0,,,2.0,8.0,,,,,,,,,,,,,7.0,,5.0,,4.0,,10.0,,,,3.0,,,,,,0.0,5.0,,,,,,,,,,,,,
5.0,5.0,,7.0,7.0,,9.0,8.0,,,,6.0,,,,,,3.0,,,,,6.0,,8.0,,9.0,,7.0,,3.0,,,,,,,,,,,,,,10.0,,,4.0,6.0,,3.0
,,,,,,7.0,,,,,,,,,,,,,,,,5.0,,9.0,,,,,,,,,,,,,,,,,,,,,,,3.0,,,
9.0,0.0,4.0,10.0,6.0,,6.0,6.0,,,,6.0,,,,,,,,,,,6.0,,6.0,,8.0,0.0,5.0,,,,,,,,6.0,,,,,,,,,,,,,2.0,9.0
,0.0,4.0,7.0,3.0,,10.0,7.0,,4.0,,,4.0,,,,,0.0,,3.0,,,5.0,,3.0,,9.0,9.0,8.0,,8.0,8.0,7.0,5.0,,,8.0,4.0,,4.0,,4.0,,,5.0,,,,5.0,5.0,
,,,,,,,,,,,,5.0,,,,,,,5.0,,,,,,,,,5.0,,,,,,,,,,,,,,,,,,,,,,
4.0,3.0,0.0,6.0,8.0,,6.0,3.0,,,,,7.0,,,,,,,,5.0,,8.0,,5.0,,9.0,6.0,,,2.0,,,,,,,,,,,,,,3.0,,,8.0,,,4.0
7.0,5.0,,6.0,,,7.0,4.0,,,,7.0,5.0,,,,,4.0,,5.0,8.0,,6.0,3.0,7.0,5.0,8.0,5.0,,,6.0,2.0,,5.0,,,,7.0,,8.0,,,5.0,,7.0,,,10.0,8.0,,
5.0,,3.0,8.0,7.0,,7.0,6.0,,,,,5.0,,,,,8.0,,,7.0,,7.0,,7.0,,8.0,10.0,,,0.0,1.0,,,,,,10.0,,2.0,,,6.0,,,,,,,,
5.0,2.0,3.0,5.0,2.0,,5.0,4.0,4.0,3.0,5.0,5.0,5.0,4.0,4.0,,,5.0,4.0,5.0,5.0,,5.0,3.0,4.0,3.0,5.0,3.0,5.0,3.0,4.0,3.0,3.0,5.0,5.0,2.0,3.0,2.0,3.0,4.0,5.0,5.0,2.0,5.0,5.0,4.0,3.0,4.0,5.0,5.0,2.0
4.0,4.0,3.0,3.0,3.0,,4.0,4.0,5.0,4.0,5.0,2.0,5.0,4.0,5.0,,,4.0,3.0,2.0,5.0,,4.0,2.0,5.0,5.0,4.0,5.0,5.0,4.0,2.0,3.0,5.0,2.0,2.0,3.0,4.0,5.0,2.0,4.0,5.0,5.0,5.0,2.0,4.0,5.0,3.0,3.0,3.0,2.0,3.0
7.0,,,6.0,,,6.0,5.0,,,,,,,,,,,,5.0,7.0,,8.0,,5.0,,6.0,,,,7.0,,,,,,,,,,,,,,,,,10.0,,,
,,4.0,3.0,7.0,,8.0,8.0,,,,,,,,,,,,,8.0,,9.0,,8.0,,,6.0,7.0,,0.0,,,3.0,,,,6.0,,10.0,,2.0,,,,,,,5.0,,8.0
,,,,,,2.0,,,,,,,,,,,,,3.0,3.0,,6.0,,,,7.0,,,,4.0,,,,,,6.0,,,,3.0,,,,,,,,,,3.0
,,,5.0,,,0.0,,,,,,7.0,,,,,,,0.0,,,5.0,,8.0,,0.0,,7.0,,1.0,1.0,,8.0,,,,7.0,,5.0,,,,,7.0,6.0,10.0,,,7.0,
,,,,,,5.0,9.0,,,,7.0,,,,,,,,,5.0,,7.0,,,,,0.0,,,1.0,6.0,,,,,8.0,,,6.0,,,,,,,,,,,
1.0,,,6.0,,,5.0,7.0,,,,0.0,,,,,,,,,,,6.0,,6.0,0.0,1.0,,6.0,,5.0,10.0,,,,,,,7.0,,,,,,,,,,6.0,,
3.0,3.0,3.0,7.0,8.0,,7.0,,,,,,6.0,,,,,10.0,,,,,6.0,,6.0,,6.0,,,,,,,,,,4.0,,,,,,6.0,,3.0,,,3.0,5.0,,9.0
0.0,,,,,,2.0,7.0,,,,6.0,5.0,,,,,,,,,,0.0,,6.0,5.0,9.0,,,,8.0,,,,,,,,,,,,,,,7.0,,,,,7.0
,,,,,,,,,,,,,,,,,,,,,,,,,,,,,,,,,,,,,,,,,,,,,,,,,,
3.0,5.0,2.0,,,,8.0,6.0,,,,,,,,,,,,,,,,6.0,6.0,,6.0,9.0,4.0,,6.0,,,,,,,,,,,,8.0,,,,,,,,
0.0,2.0,6.0,,,,7.0,,,,,5.0,,,,,,,,,,,6.0,4.0,6.0,,6.0,10.0,,,,,,,,,,,,,,,,,,,,,,4.0,3.0
,,,6.0,,,5.0,5.0,,,,,,,,,,,,,1.0,,5.0,,7.0,,8.0,,,,7.0,,,,,,8.0,,,,,,,,,,,,,,
5.0,,,7.0,,,7.0,8.0,,,,,3.0,,,,,,,,0.0,,9.0,,3.0,,2.0,,,,,,,,,,,,,,,,8.0,,,,,,,,6.0
3.0,4.0,4.0,3.0,4.0,,6.0,,,,,,4.0,,,,,,,,,,6.0,,5.0,,5.0,7.0,,,3.0,10.0,,,,,7.0,6.0,,,,,6.0,,,7.0,,,,,4.0
5.0,,,5.0,,,6.0,10.0,,,,,5.0,,,,,,,,0.0,,5.0,,3.0,,0.0,,,,,,,,,,,,,,,,6.0,,,,,,,,7.0
,,4.0,6.0,,,6.0,3.0,,,,,6.0,,,,,4.0,,3.0,,,7.0,,7.0,,10.0,,,,0.0,,,,,,2.0,,4.0,,,,8.0,,,,,,,,8.0
0.0,9.0,8.0,6.0,5.0,,7.0,6.0,,5.0,,7.0,5.0,,,,,,,,7.0,,9.0,5.0,10.0,0.0,8.0,7.0,,,2.0,3.0,,8.0,3.0,5.0,3.0,7.0,5.0,5.0,,,,,10.0,0.0,5.0,4.0,7.0,9.0,6.0
4.0,8.0,5.0,8.0,5.0,,7.0,9.0,8.0,,3.0,,9.0,,,,,,4.0,2.0,6.0,,5.0,7.0,5.0,,,0.0,4.0,,9.0,5.0,8.0,5.0,8.0,,6.0,7.0,7.0,6.0,5.0,7.0,7.0,,,7.0,4.0,4.0,3.0,4.0,2.0
1.0,7.0,7.0,7.0,,,,,,,,,5.0,,,,,5.0,,7.0,,,8.0,,10.0,,6.0,7.0,7.0,,6.0,7.0,,,,,,5.0,,4.0,,,,,6.0,,,,6.0,3.0,2.0
,,0.0,1.0,,,5.0,0.0,,,,,7.0,,,,,,,,,,2.0,,10.0,,1.0,,,,6.0,,,,,,,,,,,,,,,,,,,,
,,8.0,8.0,8.0,,8.0,7.0,,,,,5.0,,,,,,,,,,6.0,,7.0,,6.0,,,,0.0,,,,,,,6.0,,,,,,,,,,,5.0,,2.0
,,,,7.0,,10.0,,,,,,,,,,,,,,,,,,,,6.0,8.0,,,,3.0,7.0,,,,,,,,,,,,,,7.0,,,,
,,,0.0,,,8.0,,,,,,4.0,,,,,,,,,,9.0,,6.0,,3.0,6.0,,,,2.0,,,,,,,,,,,,,,,,,,,
,,,,,,6.0,7.0,,,,,8.0,,,,,,,,,,,,,,9.0,,,,1.0,,,,,,,,,,,,,,,,,,,,4.0
3.0,,,0.0,3.0,,7.0,8.0,,,,,7.0,,,,,,,,,,7.0,,0.0,,7.0,,,,,,,,,,,,,,,,,,5.0,,,,,,7.0
6.0,,,4.0,,,7.0,8.0,,9.0,,5.0,,,,,,,,8.0,7.0,,7.0,10.0,5.0,,,,,,,5.0,,,,,6.0,7.0,,,,,6.0,,,,,,,,7.0
0.0,,,,,,7.0,4.0,,,,10.0,,,,,,,,,,,,,7.0,,3.0,,,,7.0,,,,,,,,,,,,,,,,,,,,
,,6.0,,,,0.0,,,,,8.0,,,,,,,,,,,10.0,,3.0,,0.0,5.0,,,,3.0,,5.0,,,,,,5.0,,,,,,,,,,,
,,,5.0,,,6.0,,,,,,,,,,,,,,,,,,6.0,,6.0,,,,0.0,,,,,,,,,,,,,,,,,,,,
8.0,,,4.0,,,1.0,4.0,,,,,,,,,,,,7.0,,,7.0,,,,2.0,,,,,,,,,,,,,,,,,,6.0,,,5.0,,,6.0
,,,7.0,3.0,,2.0,,,,,6.0,4.0,,,,,3.0,,,,,,,,,,,4.0,,9.0,5.0,,,,,,,,,,8.0,,,,,,,,,
6.0,8.0,3.0,2.0,0.0,,5.0,0.0,,,6.0,8.0,8.0,,,,,,,,9.0,,3.0,5.0,6.0,8.0,6.0,5.0,6.0,,10.0,,,,,,9.0,,,,8.0,,,,6.0,,,,,,
,,,0.0,0.0,,1.0,,,,,,5.0,,,,,,,,,,2.0,,7.0,,5.0,,,,5.0,,,,,,,,,,,,,,4.0,,,,7.0,,
2.0,,,7.0,,,7.0,7.0,,,,,,,,,,7.0,,,4.0,,7.0,4.0,5.0,,7.0,,,,7.0,,,,,,5.0,,,,,,,,,1.0,,,,,9.0
5.0,,4.0,5.0,,,8.0,,,,,8.0,,,,,,,,,,,,,,,8.0,5.0,,,6.0,,,,,,7.0,6.0,,,,,,,,6.0,,,7.0,,
5.0,5.0,3.0,1.0,4.0,,0.0,5.0,5.0,6.0,6.0,0.0,5.0,3.0,9.0,,,5.0,4.0,2.0,,,,5.0,5.0,9.0,8.0,6.0,7.0,10.0,0.0,,,,,,,6.0,0.0,4.0,8.0,7.0,8.0,,8.0,7.0,9.0,5.0,6.0,7.0,6.0
,,,,,,,,,,,,,,,,,,,,,,,,,,,,,,,,,,,,,,,,,,,,,,,,,,
,,,9.0,,,9.0,7.0,,,,9.0,10.0,,,,,,,,0.0,,10.0,8.0,,5.0,6.0,10.0,,,0.0,6.0,,,,,7.0,6.0,,,,,5.0,,7.0,5.0,6.0,,6.0,,
8.0,3.0,3.0,0.0,0.0,,6.0,5.0,,,,8.0,4.0,,,,,,,,0.0,,5.0,5.0,6.0,,3.0,,4.0,,,3.0,,,,,6.0,4.0,,4.0,,,,,5.0,,5.0,,3.0,,
,,,,,,10.0,3.0,,,,,3.0,,,,,,,,,,,,5.0,,9.0,,,5.0,1.0,,,,,,,,,,,,,,,,,,,,
4.0,5.0,5.0,,2.0,,6.0,3.0,,3.0,,9.0,,,,,,3.0,3.0,3.0,,,5.0,3.0,0.0,,3.0,0.0,3.0,,2.0,5.0,3.0,4.0,,,7.0,0.0,,,,3.0,,,9.0,,8.0,2.0,8.0,,5.0
4.0,7.0,,,,,8.0,6.0,,,,5.0,8.0,,,,,,,,,,,,4.0,,6.0,,,,0.0,,,,,,,,,,,,,,,6.0,,,2.0,,
,,,,5.0,,7.0,4.0,,,,0.0,,,,,,,,5.0,3.0,,3.0,,6.0,,,,6.0,,3.0,,,,,,,,,,,,2.0,,,,,8.0,4.0,,7.0
8.0,,,6.0,,,0.0,3.0,,,,7.0,4.0,,,,,,,,,,5.0,,3.0,,0.0,,,,5.0,,,,,,,,,,,,,,,,,,10.0,,
6.0,,,4.0,,,4.0,4.0,,,,8.0,,,,,,,,,,,,,4.0,,3.0,6.0,,,,,,,,,,5.0,,,,,6.0,,4.0,0.0,,2.0,,,10.0
8.0,8.0,,4.0,1.0,,4.0,1.0,3.0,4.0,,3.0,2.0,3.0,,,,,,,,,0.0,,,,,,,,,,,,,,,,,,,,,,,,,,,,
4.0,9.0,3.0,7.0,2.0,,7.0,5.0,,,,9.0,3.0,,,,,7.0,,5.0,,,7.0,,9.0,,2.0,,5.0,,9.0,5.0,,6.0,,,,,5.0,2.0,,,,,2.0,,4.0,,7.0,3.0,
2.0,1.0,4.0,7.0,7.0,,0.0,,,,,,7.0,,,,,,,4.0,,,3.0,,9.0,,,,6.0,,,,,,,,,,7.0,,,,,,3.0,7.0,,,5.0,,
,,,,,,5.0,4.0,,,,,,,,,,,,,,,8.0,,,,2.0,7.0,,,3.0,5.0,,,,,7.0,5.0,,,,,,,,,,,,,
4.0,,,,,,7.0,3.0,,,,7.0,,,,,,,,,,,,5.0,,,,,,,2.0,,,,,,,,,,,,,,,,,,,,
,8.0,2.0,4.0,3.0,,8.0,,,,,,10.0,,,,,,,,,,6.0,,7.0,,6.0,7.0,6.0,,4.0,5.0,,2.0,,,8.0,8.0,,,,,,,8.0,,7.0,,,,6.0
5.0,,,7.0,8.0,,5.0,7.0,,,,,,,,,,,,,,,7.0,7.0,8.0,,7.0,,,,2.0,,,,,,,,,,,,8.0,,,,,,,,
9.0,,,6.0,,,9.0,6.0,,,,,7.0,,,,,,,,8.0,,8.0,8.0,,0.0,7.0,,,,10.0,,,,,,,,,,,,7.0,,,,,,6.0,,
5.0,,8.0,7.0,8.0,,7.0,,,,,6.0,,,,,,,,,,,9.0,,6.0,,7.0,,9.0,,,,,9.0,,,0.0,,,7.0,,,,,10.0,,6.0,,,,10.0
5.0,6.0,0.0,3.0,3.0,,8.0,2.0,,4.0,0.0,,6.0,6.0,,,,4.0,2.0,3.0,8.0,,6.0,6.0,5.0,4.0,4.0,8.0,0.0,,6.0,8.0,7.0,5.0,2.0,,7.0,7.0,3.0,,3.0,4.0,7.0,,5.0,2.0,10.0,,1.0,0.0,
,,,,,,0.0,,,,,,,,,,,,,,,,,,7.0,,,,,,0.0,,,,,,,,,,,,,,8.0,,,,,,
8.0,,,6.0,,,5.0,7.0,,,,,10.0,,,,,,,,8.0,,6.0,6.0,,0.0,10.0,,,,8.0,,,,,,,,,,,,6.0,,,,,,6.0,,
5.0,10.0,4.0,8.0,8.0,,6.0,5.0,6.0,6.0,6.0,,,8.0,,,,,,,,,8.0,7.0,10.0,,7.0,4.0,7.0,,4.0,7.0,6.0,6.0,6.0,,3.0,6.0,,9.0,,,10.0,,7.0,,10.0,,7.0,7.0,
,,,0.0,2.0,,3.0,1.0,,6.0,,,,,,,,,,,9.0,,6.0,,7.0,,1.0,6.0,5.0,,5.0,2.0,,6.0,,,,6.0,,2.0,,,,,0.0,,1.0,,,,
,7.0,,6.0,,,7.0,,,,,,7.0,,,,,,,,,,7.0,,7.0,,,,7.0,,7.0,7.0,,,,,,8.0,9.0,2.0,,,,,7.0,,,,7.0,7.0,
,8.0,,4.0,1.0,,7.0,,,,,,4.0,,,,,,,,,,4.0,,4.0,,6.0,,,,,,,,,,,,,,,,,,2.0,,4.0,,,,
,,,7.0,,,10.0,,,,,,3.0,,,,,,,,0.0,,7.0,8.0,2.0,,7.0,,,,0.0,,,,,,,,,,,,7.0,,,,,,,,
7.0,,,5.0,2.0,,10.0,7.0,,,,,6.0,,,,,,,,,,7.0,,7.0,,4.0,,8.0,,5.0,,,,,,,,,,,,,,,,,,7.0,,
6.0,,7.0,,,,8.0,7.0,,,,,,,,,,,,,9.0,,7.0,,,,,,,,,,,,,,7.0,,,,,,,,,,,,,6.0,
6.0,,,9.0,,,7.0,4.0,,,,8.0,,,,,,,,1.0,0.0,,6.0,,4.0,0.0,0.0,7.0,,,8.0,,,,,,7.0,,,,,,5.0,,,5.0,,,7.0,,
3.0,,,10.0,,,7.0,,,5.0,,9.0,4.0,,,,,5.0,,,3.0,,8.0,7.0,,,7.0,,7.0,1.0,1.0,5.0,5.0,,,,9.0,2.0,,,,,6.0,,,,,,4.0,4.0,
,,,5.0,,,0.0,10.0,,,,,6.0,,,,,,,,,,8.0,,,,0.0,8.0,7.0,,2.0,,,,,,,,,,,,,,,,,,,,
,,,,,,8.0,4.0,,,,7.0,,,,,,,,,,,,,,,6.0,7.0,,,0.0,,,,,,,,,,,,,,,6.0,,,,,
2.0,,,,,,7.0,,,,,6.0,,,,,,,,,,,7.0,5.0,4.0,,10.0,8.0,,,1.0,3.0,,,,,6.0,,,,,,10.0,,,6.0,,,7.0,,4.0
,,,,6.0,,7.0,,,,,,,,,,,,,,,,9.0,,8.0,,7.0,,,3.0,0.0,,,,,,,,,,,,5.0,,6.0,,,,,,
,6.0,4.0,,7.0,,7.0,,,,,7.0,5.0,,,,,,,,,,9.0,,,,5.0,8.0,,,,,,,,,,,,,,,2.0,,,,,,7.0,,
,,,2.0,,,8.0,,,,,,,,,,,,,,,,9.0,,7.0,,8.0,,,,,,,,,,,,,,,,,,,,,,,,
,,,,,,0.0,1.0,,,,,0.0,,,,,,,,,,0.0,,2.0,,0.0,,0.0,,1.0,,,,,,,,1.0,,,,,,,,,,,,
,,,4.0,,,8.0,,,,,,,,,,,,,,,,8.0,,8.0,,7.0,,,,,,,,,,,,,,,,,,,,,,,,
,,,,,,0.0,,,,,,,,,,,,,,,,,,,,,,4.0,,4.0,,,,,,,,,,,,,,,,,,,,
8.0,2.0,4.0,7.0,6.0,,10.0,,,,,8.0,6.0,,,,,2.0,,9.0,,,6.0,6.0,10.0,,7.0,3.0,5.0,,6.0,7.0,,,,,8.0,,,,10.0,,9.0,,5.0,,,,,,7.0
5.0,,,,,,7.0,,,,,7.0,,,,,,,,,2.0,,,,5.0,,8.0,,,,5.0,,,,,,,,,,,,,,,,,,,,
,,,8.0,3.0,,7.0,,,,,,,,,,,,,,,,4.0,,10.0,,6.0,,2.0,,7.0,,,,,,,,,,5.0,,,,3.0,,,,,,
2.0,,,3.0,2.0,,0.0,8.0,,,0.0,1.0,4.0,,,,,,,,8.0,,2.0,2.0,4.0,,3.0,6.0,5.0,,2.0,5.0,,,,,7.0,6.0,,,,,1.0,,2.0,2.0,4.0,2.0,4.0,7.0,3.0
7.0,5.0,10.0,7.0,5.0,,6.0,8.0,5.0,4.0,4.0,5.0,7.0,5.0,5.0,,,3.0,5.0,3.0,5.0,,7.0,9.0,7.0,3.0,7.0,6.0,7.0,2.0,2.0,5.0,3.0,4.0,3.0,5.0,7.0,4.0,7.0,4.0,3.0,3.0,7.0,5.0,6.0,4.0,4.0,6.0,2.0,3.0,5.0
,,,3.0,,,10.0,,,,,,,,,,,,,,,,,,,,4.0,8.0,,,1.0,,,,,,,,,4.0,,,,,,,,,,,
5.0,5.0,2.0,,5.0,,6.0,,,9.0,,7.0,,,,,,,4.0,4.0,,,4.0,,3.0,,5.0,,,,0.0,7.0,,,,,6.0,6.0,,5.0,,3.0,,,4.0,,,,,,5.0
,,,6.0,7.0,,9.0,7.0,,,,,,,,,,,,,,,4.0,,10.0,,5.0,,,,,,,,,,,,,,,,,,,,,,,,
,4.0,,7.0,8.0,,6.0,7.0,,,,5.0,,,,,,,,,,,3.0,,,,,6.0,,,,7.0,,,,,,7.0,,,,,,,,,6.0,,4.0,,
6.0,,5.0,,5.0,,5.0,,,,,,7.0,,,,,7.0,,5.0,,,7.0,,3.0,,,10.0,,,,,,,,,7.0,,,,,,,,4.0,,,4.0,4.0,6.0,5.0
,10.0,7.0,,9.0,,7.0,5.0,,4.0,,3.0,8.0,,,,,7.0,,,0.0,,8.0,,9.0,,6.0,,7.0,,0.0,1.0,,5.0,,,,7.0,,,,,,,5.0,,4.0,,8.0,2.0,
4.0,,3.0,7.0,4.0,,10.0,,,,,7.0,4.0,,,,,5.0,,7.0,6.0,,4.0,5.0,10.0,,5.0,9.0,,,8.0,4.0,,5.0,,,7.0,3.0,,5.0,8.0,,8.0,,,7.0,,,8.0,,7.0
5.0,0.0,,,,,10.0,,,,,7.0,5.0,,,,,,,,,,6.0,,3.0,,,,,,,,,,,,,,,,,,,,,,,,,,
0.0,,,1.0,,,7.0,,,,,8.0,6.0,,,,,,,,8.0,,5.0,,6.0,,10.0,2.0,7.0,,7.0,,,,,,7.0,,,7.0,8.0,,,,,7.0,,,,,0.0
4.0,,8.0,,,,9.0,7.0,,,,,,,,,,,,,5.0,,3.0,10.0,5.0,,5.0,,,,5.0,7.0,,,,,10.0,,,,,,5.0,,,,,,,,
,,,10.0,,,8.0,,,7.0,,,,,,,,,,,,,8.0,,3.0,,3.0,0.0,,,8.0,1.0,,,,,7.0,8.0,,3.0,,2.0,,,,,,,0.0,,
,1.0,,1.0,,,7.0,,,3.0,,,5.0,,,,,,,,,,5.0,,4.0,7.0,5.0,7.0,,,,,,,,,6.0,8.0,4.0,,,,,,8.0,,7.0,,3.0,3.0,
,,,,,,7.0,,,,,,5.0,,,,,,,,,,7.0,,5.0,,,,7.0,,4.0,,,,,,,,,,,,,,,,,,,,
4.0,8.0,0.0,8.0,,,8.0,5.0,,,,,8.0,,,,,,,4.0,,,7.0,,8.0,,9.0,4.0,,,,7.0,,,,,9.0,6.0,,,,,,,,,,,8.0,,5.0
,,,,,,6.0,,,,,,5.0,,,,,,,4.0,,,8.0,,5.0,,,,,,,,,,,,,,,,,,,,1.0,,,,,,7.0
6.0,10.0,3.0,5.0,2.0,,3.0,,,,,8.0,,,,,,5.0,,4.0,1.0,,10.0,,4.0,,5.0,9.0,4.0,,4.0,4.0,,,,,,6.0,,4.0,,,,,7.0,,,,6.0,0.0,
2.0,5.0,6.0,0.0,,,10.0,7.0,,,,8.0,8.0,,,,,7.0,,4.0,5.0,,8.0,,6.0,,10.0,7.0,7.0,,9.0,10.0,,6.0,,5.0,7.0,7.0,,7.0,,,,,0.0,6.0,,,7.0,2.0,1.0
,,9.0,,,,0.0,,10.0,9.0,,,,,,,,,,,,,8.0,,9.0,,6.0,6.0,6.0,,6.0,7.0,9.0,5.0,,,7.0,8.0,,8.0,,,,,,,6.0,,3.0,,0.0
,,,,,,2.0,8.0,,,,,4.0,,,3.0,7.0,,,,,,,,,,0.0,,,,4.0,,,,,,,,,,,,5.0,,6.0,5.0,,,,,8.0
,,,,,,5.0,5.0,,,,,5.0,,,5.0,7.0,,,,,,,,,,0.0,,,,2.0,,,,,,,,,,,,8.0,,5.0,4.0,,,,,7.0
,5.0,,7.0,,,9.0,5.0,,5.0,,,,,,,,,,,7.0,,6.0,6.0,7.0,,4.0,,,,,2.0,,,,,7.0,6.0,,,,,8.0,,10.0,,,,,,5.0
,,,,3.0,,10.0,,,,,,,,,3.0,,,,,,,8.0,,8.0,,,,,,,,,,,,,,,,,,,,,7.0,,,,,
4.0,1.0,3.0,7.0,4.0,,6.0,,,1.0,,6.0,7.0,,,6.0,0.0,,,,6.0,,10.0,0.0,6.0,2.0,6.0,,7.0,,,,,,,,7.0,6.0,,4.0,,,,,8.0,8.0,,4.0,3.0,3.0,
,,10.0,,,,6.0,,,,,,10.0,,,,,,,,,,5.0,,5.0,,6.0,6.0,,,6.0,1.0,,9.0,,,,,,6.0,,,,,,,,,6.0,,
,,,,,,8.0,,,,,6.0,,,,,6.0,,,,,,6.0,,,,,5.0,,,10.0,,,,,,,,,,,,,,,,,,,,
2.0,,,4.0,5.0,,8.0,,,,,,3.0,,,5.0,3.0,,,,,,8.0,,8.0,,6.0,,,,7.0,,,,,,,,,,,,,,,,,,5.0,,
,,6.0,10.0,8.0,,5.0,,,,,,4.0,,,,,,,2.0,,,,,6.0,,,,2.0,,10.0,,,,,,,,,,,,,,,,,,,,
,,,,,,8.0,1.0,,,,,,,,,,,,,,,6.0,,,,7.0,8.0,6.0,,5.0,4.0,,4.0,5.0,3.0,5.0,9.0,5.0,9.0,,,,,,,,,,,
4.0,,,5.0,4.0,,6.0,,,,,,4.0,,,5.0,5.0,,,,,,6.0,,7.0,,6.0,,,,6.0,,,,,,,,,,,,,,,,,,9.0,,
,,,,,,5.0,4.0,,,,7.0,,,,,4.0,,,,,,5.0,7.0,5.0,3.0,6.0,6.0,,,0.0,,,,,,,,,,,,10.0,,,8.0,,,,,
,,,,,,6.0,9.0,,,,7.0,,,,,,,,,,,10.0,,,,10.0,,,,6.0,,,,,,,,,,,,,,,,,,,,
,,,0.0,,,5.0,9.0,,,,,2.0,,,,,,,,,,4.0,,5.0,,10.0,,3.0,,,,,,,,,,,,,,,,,,,,,,
,,,7.0,7.0,,10.0,,,,,,5.0,,,5.0,2.0,,,,,,6.0,,3.0,,2.0,7.0,,,,,,,,,,,,4.0,,,,,,8.0,,,5.0,,
,,,,,,5.0,4.0,,,,6.0,4.0,,,4.0,7.0,,,,,,,,2.0,,10.0,,,,0.0,9.0,,,,,8.0,10.0,,,,,5.0,,,6.0,,8.0,,,7.0
,8.0,,4.0,7.0,,9.0,,,,,,5.0,,,,,,,,,,,,6.0,,,6.0,4.0,,5.0,2.0,,,,,,,,0.0,,,,,8.0,,,,5.0,,
,,,,,,7.0,7.0,,,,0.0,,,,,2.0,,,5.0,,,9.0,8.0,,,3.0,,,,0.0,,,7.0,,,,5.0,,,,,,,,1.0,,,,,
0.0,,,2.0,,,2.0,8.0,,,,,,,,,5.0,,,,0.0,,9.0,,4.0,,8.0,4.0,,,3.0,,,,,,0.0,,,,,,,,,,,,7.0,,6.0
,,,,,,3.0,0.0,,,,1.0,,,,4.0,,,5.0,,,,,,7.0,,8.0,9.0,,,5.0,4.0,,,,,,,,,,5.0,,,,,,,,,
,5.0,,,,,1.0,9.0,,,,,3.0,7.0,,,7.0,,,,,,7.0,,3.0,,,,,,2.0,,,,,,6.0,,,,,,,,,,,,,,
,,,,,,7.0,,,,,,3.0,,,,,,,,,,,,8.0,,,,,,4.0,,,,,,7.0,0.0,,,,,,,,,,,,,
,3.0,4.0,4.0,7.0,,5.0,,,,,,,,,,,,,,,,10.0,,5.0,,7.0,8.0,,,,0.0,,,,,,7.0,,,,,,,,,,,,,
4.0,8.0,,6.0,,,5.0,,,,,,10.0,,,8.0,8.0,,,,,,4.0,,7.0,,9.0,,4.0,,,7.0,,7.0,,,,,,6.0,8.0,,,,,,,7.0,,,6.0
8.0,2.0,,8.0,,,5.0,9.0,,,,,7.0,,,,,,,,,,,,3.0,,2.0,,7.0,,,,,,,,,,,,,,10.0,,,,,,,,3.0
,,,,,,8.0,,,,,,2.0,,,3.0,5.0,,,,,,,,7.0,,,9.0,,,5.0,,,,,,,,,,,,,,,,,,,,
4.0,8.0,,,7.0,,7.0,6.0,,,,8.0,2.0,,,5.0,,,,,6.0,,,9.0,9.0,,8.0,10.0,,,5.0,9.0,,,,,7.0,,,,,,6.0,,,7.0,,,7.0,,
,,,5.0,,,10.0,10.0,,,,,,,,,,,,,,,,,,,,,,,9.0,,,,,,,,,,,,,,,,,,,,
,,,5.0,,,6.0,,,,,,,,,,,,,,,,7.0,,10.0,,2.0,8.0,,,2.0,2.0,,2.0,,,3.0,8.0,,10.0,,,,,,8.0,,,,,
5.0,3.0,6.0,7.0,8.0,,6.0,4.0,,,,,2.0,,,5.0,3.0,,,,,,7.0,,5.0,,,7.0,9.0,,9.0,0.0,,,,,7.0,5.0,,2.0,,,,,7.0,,,,5.0,4.0,4.0
7.0,,,,3.0,,0.0,6.0,,,,,,,,,,,,,,,,,,,6.0,,,,,,,,,,6.0,,,,,,,,,,2.0,,,,
4.0,,,3.0,,,10.0,7.0,,,,6.0,,,,3.0,4.0,,,,1.0,,10.0,,6.0,,6.0,2.0,5.0,,7.0,5.0,,,,,2.0,,,3.0,,,,,2.0,,7.0,,8.0,,
6.0,,9.0,5.0,4.0,,5.0,5.0,,,,,4.0,,,4.0,4.0,2.0,,,8.0,,5.0,10.0,7.0,,6.0,,,,1.0,5.0,,4.0,,,9.0,5.0,,,,,10.0,,5.0,,,6.0,,,
10.0,,,,,,6.0,6.0,,,,,8.0,,,6.0,7.0,,,,,,6.0,,0.0,,4.0,,,,9.0,,,,,,,,,,,,6.0,,,,,,,,
,5.0,2.0,4.0,1.0,5.0,9.0,3.0,,6.0,,,4.0,,,,5.0,5.0,,,,,2.0,0.0,7.0,,0.0,7.0,3.0,,,9.0,,3.0,,,,0.0,3.0,4.0,,,,,10.0,,7.0,,5.0,5.0,
,,,,,,6.0,,,,,7.0,,,,,,,,,,,3.0,9.0,,,,8.0,,,7.0,,,,,,,,,,,,,,,,,,,,
,,,,,,7.0,,,,,,,,,8.0,7.0,,,10.0,,,6.0,,6.0,,10.0,,,,,,,,,,5.0,,,,,,,,,,,,,,7.0
8.0,,,,,5.0,9.0,,,,,8.0,,,,,,,,,8.0,,,8.0,5.0,4.0,5.0,5.0,,,6.0,,,,,,,,,,,,6.0,,,8.0,,,,,
,,,0.0,,,6.0,,,,,,8.0,,,,,,,,,,6.0,,5.0,,8.0,,,,,,,,,,,,,,,,,,,,,,,,
2.0,,,5.0,,,3.0,8.0,,,,4.0,4.0,,,,4.0,,,,,,,,,,5.0,,,,3.0,,,,,,,,,,,,,,,8.0,,,,,
5.0,,8.0,8.0,3.0,,8.0,8.0,,6.0,,,,,,5.0,3.0,9.0,,,6.0,6.0,8.0,,7.0,,8.0,,,,5.0,5.0,,2.0,,,2.0,10.0,,4.0,,,,,,,,9.0,6.0,,6.0
,,,10.0,,,9.0,8.0,,,,2.0,,,,,,,,,,,,,5.0,,4.0,,,,5.0,,,,,,,,,,,,5.0,,,,,,,,4.0
6.0,,,1.0,,,0.0,8.0,,0.0,,9.0,6.0,,,,6.0,,,,,0.0,1.0,,4.0,,2.0,4.0,2.0,,0.0,5.0,,,,,1.0,,,4.0,,,,,,6.0,1.0,5.0,0.0,,3.0
,,,,,,6.0,,,,,,3.0,,,,,,,,,,6.0,,5.0,,,,,,,,,,,,,,,,,,,,,,,,,,4.0
7.0,2.0,4.0,6.0,5.0,4.0,10.0,,,4.0,0.0,0.0,5.0,,,5.0,5.0,0.0,7.0,4.0,4.0,4.0,7.0,4.0,3.0,0.0,9.0,10.0,7.0,,2.0,7.0,10.0,9.0,,,5.0,10.0,3.0,8.0,,,5.0,,5.0,9.0,4.0,6.0,8.0,5.0,3.0
,,,,,,0.0,,,,,,,,,4.0,4.0,,,,,,10.0,,3.0,,10.0,,,,,,,,,,,,,,,,,,,,,,,,5.0
,,5.0,7.0,,,9.0,3.0,,7.0,,,,,,5.0,,,,,5.0,6.0,5.0,6.0,8.0,10.0,10.0,8.0,7.0,,1.0,,,4.0,,,5.0,3.0,,5.0,,,8.0,,,,,,8.0,,6.0
,,,6.0,,,6.0,,,,,,,,,,,,,,,,7.0,,7.0,,,,,,,,,,,,,,,,,,,,,,,,,,
7.0,,,7.0,5.0,,8.0,,,,,6.0,,,,,,,4.0,,,,7.0,7.0,,,,7.0,,,1.0,,,,,,,2.0,,,,,7.0,,,7.0,,,6.0,,
3.0,,,2.0,,,10.0,7.0,,,,,6.0,,,,,,,,,,6.0,,7.0,,5.0,,2.0,,2.0,,,,,,6.0,,,,,,,,8.0,,,,,,9.0
,,,5.0,,,7.0,7.0,,,,,,,,,,,,,,,6.0,,,,,,,,,,,,,,,,,,,,,,,,,,,,
5.0,,,,,,7.0,7.0,,,,7.0,,,,4.0,0.0,,,9.0,,7.0,5.0,6.0,9.0,,7.0,,,,0.0,,,,,,,,,,,,8.0,,,,,,,,
7.0,,,,,,7.0,3.0,,,,,,,,,,,,,,,,,,,,,,,6.0,,,,,,,,,,,,,,,,,,,,
6.0,,,6.0,7.0,,9.0,,,,,,6.0,,,4.0,7.0,2.0,,4.0,,,8.0,6.0,10.0,0.0,5.0,5.0,5.0,,6.0,,,,,,,,,,,,10.0,,3.0,8.0,,7.0,8.0,,5.0
,,,0.0,,,1.0,,,,,,,,,,,,,,,,7.0,,5.0,,7.0,,,,,,,,,,,,,,,,,,,,,,,,
8.0,,,,,,2.0,0.0,,,,8.0,,,,,,,,,,,2.0,,4.0,,0.0,2.0,,,,,,,,,,,,6.0,,,,,5.0,,,,,,7.0
,,,,,,7.0,,,,,,,,,,,,,,,,7.0,,5.0,,0.0,,5.0,,,,,,,,,,,,,,,,,,,,,,
1.0,3.0,3.0,0.0,,,7.0,4.0,,,5.0,8.0,8.0,,,3.0,4.0,,,3.0,4.0,,9.0,3.0,5.0,,6.0,9.0,3.0,,,,5.0,,,,2.0,,4.0,4.0,3.0,,,,9.0,,4.0,5.0,8.0,3.0,8.0
,,,8.0,,,7.0,8.0,,7.0,,5.0,,,,,,,,,,,4.0,,7.0,,7.0,,9.0,,5.0,,,,,,7.0,6.0,,,,,8.0,,8.0,10.0,7.0,,5.0,,
3.0,2.0,3.0,5.0,,2.0,4.0,5.0,,,,6.0,10.0,,,5.0,2.0,3.0,,5.0,,3.0,4.0,,3.0,7.0,8.0,5.0,4.0,,0.0,2.0,4.0,3.0,,,4.0,5.0,5.0,5.0,,4.0,,,,,4.0,,3.0,4.0,2.0
1.0,,,7.0,,,1.0,5.0,,,,4.0,,,,4.0,3.0,,,,9.0,3.0,10.0,6.0,8.0,2.0,7.0,8.0,4.0,,2.0,,,3.0,,,7.0,,,,,,8.0,,3.0,6.0,,,8.0,,3.0
2.0,4.0,0.0,8.0,7.0,,8.0,8.0,,8.0,,,9.0,,,7.0,6.0,5.0,,,,8.0,10.0,,7.0,,7.0,5.0,6.0,,7.0,4.0,,10.0,,,6.0,7.0,,7.0,,,,,8.0,,,,8.0,7.0,7.0
,,,,,,10.0,7.0,,,,,7.0,,,,,,,,,,10.0,,7.0,,1.0,,,,,,,,,,,,,,,,,,3.0,7.0,,,,,
,,,,,,8.0,7.0,,,,,,,,,7.0,,,,,,,7.0,7.0,,2.0,,5.0,,0.0,,,,,,,,,,,,5.0,,,,,,,,
,,,2.0,,,6.0,0.0,,,,,,,,,,,,,,,7.0,,,,,,,,5.0,,,,,,,,,,,,,,,,,,,,
,,,,,,5.0,,,,,,,,,10.0,,,,,,,,,,,,,,,0.0,,,,,,,,,,,,,,,,,,,,
,3.0,3.0,1.0,2.0,3.0,7.0,,,5.0,7.0,,8.0,2.0,,7.0,10.0,0.0,,,,5.0,,9.0,9.0,6.0,,5.0,7.0,,7.0,,7.0,,,,,,,7.0,,,8.0,,8.0,,,,7.0,5.0,
,,,,,,7.0,9.0,,,,,,,,,,,,,,,,,5.0,,5.0,,,,0.0,,,,,,8.0,,,,,,,,,,,,,,
7.0,,,6.0,5.0,,0.0,7.0,,,,,4.0,,,,,,,,,,8.0,,6.0,,8.0,,2.0,,0.0,,,,,,10.0,,,,8.0,,,,7.0,,,,,,
7.0,3.0,10.0,,,,7.0,6.0,,,,,8.0,,,,9.0,,,,,,5.0,,7.0,,6.0,7.0,5.0,,6.0,7.0,,10.0,,9.0,6.0,5.0,,9.0,,,,,5.0,,,10.0,6.0,3.0,7.0
6.0,6.0,,2.0,1.0,6.0,2.0,,,,,,10.0,,,1.0,,,9.0,4.0,,6.0,0.0,,6.0,,4.0,,8.0,,2.0,7.0,8.0,7.0,,,,,7.0,,7.0,,,,7.0,,,,,,
9.0,9.0,,0.0,2.0,6.0,1.0,,,,,,8.0,,,0.0,,,8.0,3.0,,7.0,0.0,,8.0,,5.0,,7.0,,2.0,8.0,7.0,9.0,,,,,8.0,,7.0,,,,6.0,,,,,,
4.0,,,6.0,,,8.0,,,,,,0.0,,,,,,,2.0,,,2.0,,8.0,,0.0,,2.0,,,,,,,,7.0,,,,,,,,3.0,,,5.0,5.0,,0.0
,3.0,5.0,9.0,,,5.0,,,,,,,,,,7.0,,,,,,8.0,7.0,10.0,,,,,,0.0,8.0,,,,,,,,,,,,,5.0,,,,,,5.0
8.0,,,,5.0,,2.0,,,,,,3.0,,,8.0,7.0,,,,,7.0,,,3.0,,3.0,,,,2.0,6.0,,,,,,,,,,,,,,,,,,,
,,,,,,8.0,8.0,,,,,,,,,7.0,,,,,,,8.0,,,,,,,0.0,,,,,,,,,,,,,,,,,,,,
5.0,,,6.0,,,7.0,9.0,,,,5.0,,,,,,,,,7.0,,8.0,7.0,6.0,,9.0,8.0,,,8.0,,,,,,,,,,,,,,,,,,,,
,,2.0,6.0,,,9.0,7.0,,10.0,,8.0,5.0,6.0,,,5.0,6.0,,,5.0,8.0,0.0,8.0,6.0,7.0,8.0,3.0,4.0,,5.0,8.0,0.0,6.0,,,10.0,7.0,5.0,7.0,4.0,,8.0,,,6.0,,,,,
6.0,7.0,,10.0,3.0,9.0,6.0,7.0,,,,10.0,5.0,,,10.0,8.0,,,,6.0,10.0,9.0,6.0,8.0,,8.0,7.0,,,7.0,6.0,,,,,7.0,,,8.0,,,7.0,,8.0,7.0,,5.0,5.0,,5.0
,,,,,,6.0,6.0,,,,,,,,,,,,,,,,,,,,,,,3.0,,,,,,5.0,,,,,,5.0,,,,,,,,
,,,,,,8.0,,,,,8.0,,,,,,,,,,,3.0,,3.0,,2.0,7.0,,,,,,,,,,,,,,,,,,7.0,,,,,
4.0,,,5.0,,,6.0,,,,,,4.0,,,,,,,,,5.0,,,5.0,,,,,,0.0,,,,,,,,,,,,,,,,,,,,
,,,,,,9.0,,,,,,,,,,,,,,,,,,,,5.0,,,,3.0,,,,,,,,,,,,,,,,,,,,
5.0,,,8.0,7.0,,1.0,10.0,,,,2.0,8.0,,,2.0,9.0,,,,10.0,,7.0,10.0,5.0,,8.0,,7.0,,1.0,,,,,,,4.0,,3.0,,,9.0,,5.0,,,4.0,3.0,,8.0
2.0,,,8.0,6.0,,8.0,4.0,5.0,,,9.0,10.0,,,,,,,,,,7.0,10.0,7.0,,7.0,7.0,7.0,,8.0,,,,,,6.0,,,6.0,,,,,,10.0,9.0,,,,8.0
7.0,,,4.0,,,7.0,,,,,,,,,,,,,2.0,,,5.0,,,,6.0,,,,8.0,5.0,,,,,,,,,,,,,,6.0,5.0,,,,
5.0,8.0,,3.0,,,2.0,9.0,,,,,8.0,,,8.0,6.0,9.0,,,,6.0,7.0,,,,8.0,,,,1.0,5.0,,,,,2.0,,,,,,,,,1.0,,,,,
6.0,8.0,,5.0,,,7.0,,,,,,5.0,,,,6.0,,,,,,6.0,,8.0,,7.0,6.0,,,,,,,,,6.0,7.0,,,,,,,,,,,6.0,6.0,
4.0,3.0,,,,,6.0,5.0,,,,,,,,,,,,,,,,,,,,8.0,,,2.0,,,,,,,,,,,,,,,,,,,,
7.0,7.0,4.0,4.0,,,,,,,,,,,,,,,,,,7.0,9.0,7.0,,,2.0,,,,,6.0,,,,,,,,4.0,,,10.0,,,7.0,,,,,
3.0,,,,,,7.0,7.0,,,,,,,,,5.0,,,,7.0,,9.0,6.0,4.0,,3.0,,,,4.0,,,,,,,,,,,,,,,,,,,,3.0
5.0,0.0,2.0,6.0,7.0,,9.0,,,,,,6.0,,,7.0,2.0,7.0,,,,2.0,8.0,,5.0,,,,,,7.0,,,,,,,,,,,,,,,,,6.0,8.0,,1.0
5.0,,,,,,,,,,,,,,,2.0,,,,,,,5.0,0.0,,,1.0,6.0,,,5.0,,,,,,,,,,,,,,,,,,,,
,,,,,,6.0,,,,,,,,,,,,,,4.0,,,7.0,5.0,,,9.0,,,,,,,,,5.0,,,,,,,,,,,,,,
,,6.0,6.0,,10.0,5.0,2.0,,,,6.0,,,,5.0,6.0,,,,,,8.0,7.0,5.0,,7.0,,,,8.0,,,,,,,,,,,,9.0,,,8.0,,,7.0,,
,,,5.0,,,7.0,4.0,,,,,,,,,,,,,,,2.0,10.0,,,,,,,10.0,,,,,,6.0,,,,,,,,,,,,,,
6.0,8.0,3.0,,,0.0,7.0,7.0,,,,7.0,8.0,,,,,,,,,4.0,3.0,6.0,5.0,,6.0,2.0,3.0,,0.0,5.0,,,,,,,,5.0,,,,,,,10.0,,5.0,,
7.0,,4.0,,,,5.0,7.0,,,,7.0,,,,,,,,,8.0,,,10.0,10.0,,6.0,7.0,,,5.0,5.0,,,,,7.0,,,0.0,,,7.0,,,7.0,5.0,,,,6.0
,8.0,3.0,6.0,7.0,7.0,7.0,,,,,,,,,7.0,8.0,,,,,7.0,6.0,,5.0,,5.0,,6.0,,,,,,,,,,,,,,,,,,,,7.0,,10.0
,,,,,,6.0,,,,,,,,,,,,,,,,6.0,,,,,,,,7.0,,,,,,,,,,,,,,,7.0,,,,,
,5.0,,7.0,4.0,,6.0,,,4.0,,,3.0,,,5.0,4.0,,,,,,3.0,3.0,7.0,3.0,8.0,,5.0,,1.0,6.0,8.0,,,,,4.0,,,,6.0,,,5.0,,10.0,,4.0,,
3.0,8.0,9.0,5.0,4.0,4.0,3.0,,,7.0,,,0.0,,,,2.0,,,,6.0,10.0,7.0,9.0,6.0,,0.0,0.0,4.0,,8.0,,,7.0,,,5.0,8.0,,,3.0,,8.0,,6.0,,,2.0,2.0,6.0,
,,,,,,,,,,,,3.0,,,,,,,,,,,,5.0,,,,,,,,,,,,,,,,,,,,,,,,,,
,7.0,2.0,7.0,1.0,,0.0,,,,,7.0,7.0,,,3.0,,,,,,10.0,4.0,,6.0,,1.0,,4.0,,,4.0,,,,,,,,,,,,,8.0,,,,3.0,4.0,4.0
7.0,,,3.0,,,,,,,,0.0,,,,,,,,,,,8.0,,,,,7.0,,,2.0,,,,,,,,,,,,,,,,,,,,
,,,,,,,,,,,,,,,,,,,,,,5.0,,6.0,,,,,,,,,,,,,,,,,,,,,,,,,,
,,,,8.0,,8.0,,,,,,,,,4.0,2.0,,,,,,7.0,,,,4.0,,,,7.0,,,,,,,,,,,,,,,,,,9.0,,
,0.0,0.0,7.0,,,5.0,,,,,7.0,,,,4.0,3.0,,,10.0,,,,,7.0,,5.0,8.0,,,,,,,,,,,,7.0,5.0,,,,5.0,,,,,,
2.0,,2.0,4.0,5.0,,7.0,8.0,,,,7.0,5.0,,,,,,,,5.0,,6.0,,8.0,,9.0,6.0,,,7.0,,,,,,6.0,,,8.0,,,,,3.0,9.0,,,,,
0.0,10.0,,8.0,,,7.0,,,,,,5.0,,,,,,,0.0,,,,,10.0,,4.0,,8.0,,,7.0,9.0,,,,,,,,,,,,,,,,4.0,,
,,,,,,8.0,,,,,,,,,,,,,,,,,,,,,,,,,,,,,,,,,,,,,,,,,,,,
,,,,,,10.0,1.0,,,,,,,,,4.0,,,,,,3.0,,2.0,,,,,,8.0,,,,,,,,,,,,,,,,,,,,
,0.0,8.0,1.0,2.0,,2.0,,,,,,5.0,,,2.0,,,,5.0,,,7.0,,8.0,,,,8.0,,5.0,,,,,,,,,,,,,,10.0,,,,,,3.0
,,,7.0,,8.0,1.0,6.0,,,,5.0,3.0,,,,2.0,,,,,,8.0,8.0,4.0,6.0,7.0,,7.0,,7.0,9.0,,,,,,,,4.0,,,,,6.0,,,,,,3.0
4.0,3.0,5.0,7.0,,,,,,,,1.0,6.0,,,7.0,8.0,,,,,,5.0,,6.0,,6.0,,,,0.0,,,,,,,,,,,,,,3.0,7.0,,,9.0,4.0,
,,,7.0,,4.0,0.0,8.0,,5.0,,,3.0,,,2.0,,6.0,,,,,7.0,,3.0,,6.0,,,,,6.0,,4.0,,,,,,,4.0,,,,9.0,,3.0,3.0,,,
,,,,,,3.0,3.0,,,,,,,,,,,,,,,,,,,,5.0,,,3.0,,,,,,,,,,,,,,,,,,,,
,,1.0,7.0,9.0,6.0,6.0,6.0,,,,6.0,6.0,,,9.0,8.0,,,,,,10.0,,7.0,,9.0,6.0,7.0,,,8.0,,,,,7.0,5.0,,0.0,9.0,,,,8.0,,,,,,
,,3.0,3.0,,,9.0,7.0,,,,7.0,5.0,,,,4.0,,,3.0,6.0,,4.0,,10.0,,0.0,6.0,,,3.0,4.0,,,,,7.0,,,,,,,,,2.0,,,1.0,,7.0
,,1.0,4.0,,,8.0,,,,,,5.0,,,,,,,3.0,,,4.0,,3.0,,5.0,,,,,,,0.0,,,,6.0,5.0,2.0,,,,,,,,4.0,5.0,,2.0
,8.0,8.0,7.0,7.0,,6.0,7.0,,,,,,,,,,6.0,,,0.0,,7.0,,9.0,,9.0,,,,,2.0,,4.0,,,,8.0,,,,,,,,,,,7.0,,
,,,,,,6.0,6.0,,,,,,,,,5.0,,,7.0,5.0,,5.0,,6.0,,3.0,,,,7.0,,,,,,5.0,,,,,,8.0,,,6.0,,,,,
,8.0,3.0,5.0,,,9.0,,,,,5.0,,,,,,,,,,,9.0,,,,,,3.0,,7.0,,,5.0,,,10.0,,,,,,,,,,,,,7.0,
8.0,,,7.0,,,7.0,,,,,0.0,,,,8.0,6.0,,,,,6.0,,,4.0,,,10.0,,,,,,,,,,,,,,,,,,,,,,,
,,,,,,,,,,,,,,,,,,,,,,,,,,,,,,,,,,,,,,,,,,,,,,,,,,
4.0,,,2.0,,7.0,0.0,8.0,,,,,4.0,,,2.0,6.0,,,,,7.0,4.0,7.0,8.0,,0.0,,6.0,,4.0,,,,,,,,,,,,7.0,,,,,,,,
3.0,6.0,,6.0,2.0,,6.0,,,,,,1.0,,,6.0,,,,,,7.0,7.0,,,,,6.0,6.0,,1.0,,,,,,,7.0,,8.0,,,,,,,,,,,4.0
,,7.0,6.0,10.0,,8.0,8.0,,,,,5.0,,,2.0,4.0,,,4.0,,,8.0,6.0,7.0,,9.0,,,,1.0,,,,,,,,,,,,2.0,,8.0,2.0,,8.0,,7.0,
5.0,,,,,,8.0,8.0,,,,,,,,4.0,,3.0,,,,,,,,,7.0,,3.0,,6.0,,5.0,,,,,,,,,,4.0,,,0.0,,,3.0,,
4.0,,,6.0,,,7.0,,,,,,5.0,,,,5.0,,,4.0,,,5.0,,4.0,,6.0,,5.0,,7.0,,,,,,,,,9.0,,,,,4.0,,,2.0,3.0,,7.0
0.0,3.0,3.0,2.0,1.0,,5.0,,,,,1.0,6.0,,,1.0,2.0,5.0,0.0,6.0,,5.0,9.0,5.0,8.0,,3.0,2.0,0.0,,,1.0,0.0,,,,,,,5.0,,6.0,10.0,,7.0,,8.0,4.0,3.0,8.0,0.0
3.0,4.0,,7.0,,,6.0,6.0,,,,6.0,5.0,,,4.0,,,,,8.0,,6.0,7.0,5.0,,6.0,10.0,,,5.0,,,,,,6.0,,,,,,8.0,,,,,,,,6.0
7.0,,2.0,4.0,,,1.0,8.0,,,,6.0,6.0,,,2.0,4.0,3.0,,,,6.0,7.0,,,,5.0,6.0,,,,,,,,,,,,3.0,,,,,7.0,,,,,,7.0
6.0,,,,8.0,,6.0,9.0,,,,6.0,,,,,,,,,,,2.0,,8.0,,7.0,,,,2.0,,,,,,7.0,,,,,,8.0,,,7.0,,,,,
,4.0,,,,,7.0,,,,,,5.0,,,,,,,,,,6.0,,4.0,,,,,,,,,,,,,,,,,,,,,,,,5.0,,
,,,,,,5.0,,,,,,,,,,,,,,,,,,10.0,,8.0,,,,3.0,,,,,,,,,,,,,,,,,,,,8.0
,,,1.0,,,6.0,,,,,,8.0,,,,,,,,,,3.0,,7.0,,3.0,,,,,,,,,,,,,,,,,,,,,5.0,4.0,,5.0
4.0,,,,,,10.0,7.0,,,,7.0,,,,,,,,,7.0,,9.0,,5.0,,,,,,1.0,,,,,,,,,,,,,,,,,,,,
4.0,,,,4.0,,8.0,9.0,,,,1.0,3.0,,,8.0,,,,,,7.0,3.0,,3.0,,0.0,,,,,,,,,,6.0,,,,,,6.0,,10.0,2.0,8.0,,,,
3.0,,,3.0,,3.0,6.0,5.0,,,,0.0,,,,,,,,,6.0,,0.0,5.0,9.0,,7.0,,,,4.0,,,,,,7.0,,,,,,,,,,,,3.0,,4.0
4.0,4.0,,8.0,6.0,5.0,8.0,5.0,,7.0,,,6.0,,,8.0,7.0,,,0.0,,5.0,7.0,,6.0,,2.0,,6.0,,8.0,,,,,,,,,,,,,,7.0,,,,6.0,7.0,4.0
9.0,,8.0,8.0,5.0,4.0,6.0,8.0,,,,,4.0,,,0.0,7.0,,,4.0,,8.0,10.0,,7.0,,2.0,,6.0,,7.0,6.0,,,,,,,,,,,,,5.0,,,5.0,5.0,,6.0
,,,,,,0.0,,,,,,9.0,,,,,,,,,,,,6.0,,8.0,10.0,,,2.0,,,,,,,,,,,,,,,,,,,,
1.0,1.0,1.0,6.0,2.0,10.0,7.0,7.0,,,,6.0,1.0,,,0.0,1.0,,,,7.0,10.0,2.0,0.0,9.0,,0.0,7.0,2.0,,1.0,4.0,,,0.0,,6.0,,1.0,6.0,,,,,0.0,,9.0,0.0,5.0,1.0,0.0
10.0,7.0,,4.0,5.0,,6.0,8.0,,,,,,,,,,10.0,,,,5.0,6.0,,7.0,,8.0,7.0,,,5.0,,,,,,6.0,,,6.0,,,7.0,,8.0,,,,,,
,,,,,,6.0,,,,,,5.0,,,4.0,5.0,,,,,,5.0,,4.0,,3.0,,5.0,,6.0,,,,,,,,,,,,,,6.0,,,,,,5.0
,,,10.0,,,7.0,7.0,,,,7.0,,,,,,,,,,,9.0,,,,,9.0,,,1.0,,,,,,,,,,,,,,,,,,,,
,,,,,,7.0,,,,,,6.0,,,4.0,5.0,,,,,,8.0,,,,,,7.0,,6.0,,,,,,,,,,,,,,3.0,5.0,,,,,
3.0,8.0,4.0,0.0,,,6.0,,,,,,6.0,,,,3.0,,,5.0,,,10.0,,5.0,,2.0,,6.0,,0.0,,,,,,,,,,,,,,6.0,,,,8.0,,8.0
2.0,6.0,2.0,0.0,,,8.0,,,,,,7.0,,,,3.0,,,5.0,,,6.0,,6.0,,2.0,,8.0,,0.0,,,,,,,,,,,,,,7.0,,,,5.0,,7.0
7.0,,,,,,,,,,,,10.0,,,,,4.0,,,,,,,,,,,8.0,,,,,,,,,,,,,,,,,,,,,,
8.0,,,,,,6.0,3.0,,,,,,,,,0.0,,,,,,8.0,,7.0,,8.0,,,,,,,,,,,,,,,,,,,,,,,,
6.0,5.0,7.0,4.0,4.0,,,,,,,,9.0,,,,,3.0,,8.0,,,7.0,,7.0,7.0,,,7.0,,7.0,7.0,,,,,,,,,,,,,8.0,,,7.0,7.0,9.0,
,,,2.0,,3.0,7.0,10.0,,,,,,,,4.0,,,,3.0,,5.0,,,0.0,,0.0,,,,,,,,,,,,,,,,,,,,,,0.0,,9.0
,,,4.0,,,9.0,5.0,,,,,,,,,,,,,,,0.0,,2.0,,,,,,9.0,,,,,,7.0,,,,,,,,,,,,,,
,5.0,,,,,10.0,,,,,,4.0,,,,,5.0,,,,,,,5.0,,0.0,,5.0,,,5.0,,,,,10.0,,,,,,,,,,,,,,5.0
,,,,,,1.0,,,,,,,,,,,,,,,,,,,,,0.0,,,,,,,,,,,,,,,,,,0.0,,,,,
0.0,5.0,1.0,0.0,2.0,,2.0,6.0,,,,4.0,4.0,,,4.0,3.0,,,7.0,5.0,9.0,5.0,5.0,10.0,,4.0,8.0,6.0,,5.0,8.0,,,,,8.0,6.0,,5.0,,7.0,7.0,,,,,,,,4.0
,,,6.0,,,8.0,,,,,,7.0,,,,,,,,,,,,10.0,,8.0,,,,0.0,,,,,,,,,,,,,,,,,,,,
6.0,,,,,,4.0,5.0,,,,,,,,,3.0,,,,9.0,,,5.0,8.0,,6.0,,,,0.0,,,,,,2.0,,,,,,,,,8.0,,,,,
7.0,,5.0,6.0,6.0,,0.0,10.0,,,,2.0,,,,4.0,5.0,,,,5.0,5.0,3.0,8.0,10.0,,6.0,5.0,5.0,,,10.0,,,,,10.0,,5.0,,3.0,,5.0,,4.0,,,3.0,4.0,5.0,3.0
,,,,,,10.0,,,,,,,,,,,,,,,,,9.0,,,,,,,,,,,,,,,,,,,,,,,,,,,
6.0,9.0,3.0,,,,5.0,0.0,,,,7.0,,,,,3.0,,,,,,6.0,5.0,6.0,8.0,,,5.0,,0.0,,,,,,,,,,,,8.0,,,8.0,,,5.0,,
3.0,,4.0,4.0,3.0,5.0,5.0,2.0,,,,6.0,10.0,,,,,,,2.0,8.0,10.0,6.0,,7.0,,,1.0,5.0,,9.0,,,,,,5.0,3.0,2.0,4.0,4.0,,7.0,,5.0,,,,3.0,3.0,10.0
,4.0,,,,,6.0,7.0,,,,,9.0,,,,7.0,,,,,,,,7.0,,5.0,,,,4.0,,,,,,,,,,,,,,,,,,,,
4.0,,,5.0,,,7.0,2.0,,4.0,,7.0,5.0,,,5.0,2.0,,,4.0,5.0,,2.0,,6.0,,10.0,6.0,,,6.0,8.0,4.0,8.0,,,1.0,6.0,,,,,,10.0,6.0,3.0,,4.0,5.0,,4.0
4.0,,,4.0,,,6.0,7.0,,,,6.0,4.0,,,,2.0,,,,9.0,,7.0,,2.0,,7.0,,,,7.0,,,3.0,,,7.0,7.0,,,,,,,,6.0,,,5.0,,4.0
,,,2.0,,,6.0,4.0,,,,,5.0,,,,3.0,,,,,,8.0,,4.0,,,,5.0,,,,,,,,,,,,,,,,,,,5.0,4.0,,
,,,,,3.0,7.0,,,,,,,,,,,,,,,,8.0,,,,3.0,,,,4.0,,,,,,,,,,,,,,,,,,,,
8.0,,4.0,,10.0,,8.0,6.0,,,,,,,,9.0,7.0,,,,,7.0,7.0,,5.0,,6.0,8.0,,,7.0,,,,,,,,,,,,,,,7.0,,,5.0,,
,,,5.0,,,9.0,,,,,,,,,,,,,3.0,,,3.0,,6.0,,,,,,,,,,,,,,,,,,,,3.0,,,,,,
,,,4.0,8.0,,6.0,7.0,,,,,,,,,,,,7.0,,,8.0,,2.0,,8.0,7.0,,,0.0,,,,,,,,,,,,,,,,,,6.0,,
,9.0,0.0,6.0,10.0,,10.0,6.0,,,,,8.0,,,8.0,7.0,4.0,,5.0,7.0,,5.0,,5.0,,0.0,8.0,9.0,,10.0,0.0,,,,,7.0,3.0,,,3.0,,,,6.0,,,,7.0,,
1.0,,,6.0,,,7.0,0.0,,,,10.0,,,,0.0,,,,,7.0,9.0,1.0,7.0,5.0,,5.0,,0.0,,6.0,6.0,,,,,6.0,,,,,,,,0.0,9.0,,,5.0,,1.0
,0.0,0.0,2.0,4.0,,8.0,7.0,,,,,3.0,,,4.0,4.0,,,,,1.0,8.0,1.0,2.0,,1.0,,6.0,,,,,,,,0.0,,,4.0,,,,,,,,,8.0,,
,,9.0,,6.0,,0.0,,,,,,10.0,,5.0,8.0,8.0,6.0,,,,,6.0,,8.0,,,,,,,10.0,,,,,,7.0,9.0,6.0,,,10.0,,,,,,,9.0,
6.0,,,2.0,,,5.0,4.0,,,,10.0,,,,,,,,,,,1.0,8.0,10.0,,4.0,,6.0,,1.0,,,6.0,,,6.0,0.0,,5.0,,,,,,,,,8.0,,
,,,,,,,,,,,,4.0,,,3.0,,,,,,,,,,,,,,,,,,,,,,,,,,,,,,,,,,,
,,,,,,8.0,,,,,,,,,,,,,,6.0,6.0,,,5.0,,8.0,,,,7.0,,,,,,,,,,,,7.0,,7.0,,,,,,5.0
,,,,,,8.0,8.0,,,,,4.0,,,,,,,,,,,7.0,6.0,,8.0,,7.0,,,,,,,,,,,,,,,,,,,,,,9.0
5.0,5.0,5.0,4.0,3.0,3.0,3.0,5.0,4.0,2.0,2.0,4.0,3.0,4.0,5.0,5.0,5.0,5.0,5.0,3.0,5.0,4.0,3.0,4.0,2.0,5.0,2.0,3.0,5.0,3.0,4.0,4.0,5.0,4.0,5.0,3.0,2.0,4.0,5.0,4.0,4.0,4.0,4.0,2.0,5.0,5.0,5.0,3.0,4.0,5.0,5.0
,,,5.0,,,4.0,4.0,,,,,,,,5.0,2.0,,,,5.0,,7.0,7.0,4.0,0.0,,,,,0.0,,,,,,,,,,,,5.0,,,8.0,,2.0,2.0,,6.0
,,,,,,8.0,1.0,,,,7.0,,,,3.0,4.0,,,3.0,,,6.0,,7.0,,,5.0,,,,7.0,,,,,,,,0.0,,,,,,9.0,,6.0,7.0,,
,,,7.0,0.0,,7.0,,,4.0,,9.0,5.0,,,,,,,,,,7.0,,7.0,,7.0,10.0,6.0,,0.0,7.0,,,,,,,,,,2.0,,,5.0,,8.0,,6.0,,
,,3.0,,8.0,,9.0,,,,,,,,,,4.0,6.0,,,,,7.0,,7.0,,,,8.0,,8.0,,,,,,,,,,,,,,,,,,7.0,,
8.0,10.0,8.0,10.0,7.0,,,5.0,,,,5.0,6.0,,,,,2.0,,,8.0,,5.0,,5.0,2.0,7.0,6.0,10.0,,2.0,4.0,,3.0,,,6.0,7.0,5.0,10.0,8.0,,,,7.0,,,8.0,8.0,,8.0
,,,,,,6.0,,,,,,,,,,,,,,,,,,,,7.0,,,,6.0,,,,,,,,,,,,,,,,,,,,
,,,7.0,,,,,,,,,,,,,,,,,,,,,,,,,,,,,,,,,,,,,,,,,,,,,,,
7.0,4.0,5.0,7.0,2.0,,5.0,,,,,1.0,3.0,,,10.0,6.0,,,7.0,,6.0,6.0,,4.0,,7.0,,,,2.0,,,,,,,,,,,,,,6.0,,,5.0,,,
4.0,,,,,,9.0,4.0,,,,5.0,,,,6.0,4.0,,,,,,,7.0,,,10.0,,,,0.0,,,,,,,,,,,,8.0,,,,,,,,
,,,4.0,,,8.0,2.0,,,,,8.0,,,,,,,,,,,,,,8.0,,,,,,,,,,5.0,,,,,,,,,,,,,,5.0
,,,,5.0,,,,,,,,7.0,,,,,,,,,,,,7.0,,,,,,,,,,,,,,,,,,,,,,,,,,
8.0,3.0,2.0,9.0,2.0,,7.0,,,,,2.0,3.0,,,7.0,5.0,,,8.0,,5.0,6.0,,4.0,,4.0,,10.0,,2.0,,,,,,,,,,,,,,7.0,,,2.0,9.0,,9.0
,,,0.0,6.0,,5.0,5.0,,,,7.0,,,,,5.0,,,,10.0,7.0,7.0,6.0,8.0,,7.0,,,,8.0,,,,,,6.0,,,,,,,,0.0,,5.0,,,,
,3.0,6.0,8.0,,,5.0,7.0,,,,,3.0,,,,,,,,2.0,,5.0,,5.0,,8.0,,3.0,,0.0,,,,,,0.0,,,,,,6.0,,9.0,,,,,,
5.0,,,,,,6.0,,,,,9.0,,,,4.0,4.0,,,,,,2.0,,3.0,,5.0,9.0,,,0.0,,,,,,,,,,,,,,,9.0,,,8.0,,
7.0,,,7.0,,,7.0,7.0,8.0,,,5.0,,,,6.0,6.0,,,,,10.0,7.0,,8.0,,7.0,,6.0,,,,,,,,,,,5.0,,,,,,6.0,5.0,,4.0,,3.0
5.0,,3.0,,,,,5.0,,,,,9.0,,,4.0,,,,,,2.0,7.0,,5.0,2.0,9.0,,,,,,,,,,,,,,,,5.0,,,,,,,,5.0
,,,,,,9.0,3.0,,,,1.0,,,,,,,,,,3.0,0.0,,,,3.0,,,,,,,,,,,,,,,,,,,2.0,,,,,
7.0,8.0,6.0,5.0,,,5.0,6.0,8.0,,,6.0,7.0,,,8.0,6.0,6.0,,4.0,,7.0,7.0,,5.0,,6.0,6.0,10.0,,2.0,6.0,,8.0,,,7.0,6.0,6.0,8.0,,,,,5.0,,7.0,10.0,6.0,7.0,6.0
,,,,,,6.0,,,,,,,,,,,,,,,,,,5.0,,4.0,,,,,,,,,,,,,,,,,,,,,,,,
,,,,,,8.0,,,,,,,,,,,,,,,,,,3.0,,2.0,,,,,,,,,,,,,,,,,,,,,,,,
,7.0,,7.0,,5.0,9.0,4.0,,,,,3.0,,,4.0,5.0,,,,6.0,6.0,,,,,,,,,6.0,,,,,,4.0,,,7.0,,,,,4.0,,,,6.0,,
4.0,,,2.0,,5.0,8.0,9.0,,,,8.0,5.0,,,,,,,,,,2.0,,7.0,,3.0,5.0,,,4.0,,,,,,,,,,,,,,,,,,3.0,,
,,,,9.0,,5.0,,,,,1.0,,,,4.0,3.0,,,,,,8.0,5.0,,,,,,,,0.0,,,,,,,,4.0,,,,,,,,,,,
,,,,,,6.0,,,,,,,,,,,,,,,,7.0,,3.0,,,,,,0.0,,,,,,,,,,,,,,,,,,,,2.0
,,,,,,6.0,,,,,1.0,,,,7.0,5.0,,,,,7.0,,,8.0,,7.0,,,,1.0,,,,,,,,,,,,,,,0.0,,,,,4.0
4.0,,,,,,,5.0,,,,,,,,,,,,,,,,,,,,1.0,,,,6.0,,,,,,,,,,,,,,,,,,,
4.0,,,,,,,7.0,,,,,,,,,,,,,,,,,,,,1.0,,,,10.0,,,,,,,,,,,,,,,,,,,
,,,,6.0,,6.0,,,,,1.0,,,,4.0,4.0,,,,,,8.0,8.0,,,,,,,,1.0,,,,,,,,5.0,,,,,,,,,,,
,,,4.0,4.0,,7.0,7.0,,,,,,,,5.0,5.0,,,,,,3.0,,5.0,,,,,,,,,,,,,,,3.0,,,,,,,,,,,
,,,2.0,3.0,,5.0,10.0,,,,,,,,5.0,5.0,,,,,,4.0,,2.0,,,,,,,,,,,,,,,5.0,,,,,,,,,,,
4.0,5.0,4.0,4.0,5.0,0.0,6.0,3.0,9.0,4.0,5.0,,3.0,3.0,,,3.0,4.0,,4.0,6.0,4.0,2.0,0.0,5.0,4.0,1.0,7.0,4.0,,7.0,4.0,5.0,3.0,5.0,3.0,5.0,6.0,4.0,10.0,,2.0,,7.0,4.0,,4.0,,5.0,,3.0
5.0,4.0,2.0,3.0,,4.0,7.0,8.0,,,,6.0,4.0,,,,,,,,8.0,5.0,2.0,,8.0,,4.0,,1.0,,9.0,,,,,5.0,0.0,5.0,,,,,,,3.0,,,4.0,3.0,7.0,
6.0,,,6.0,6.0,8.0,7.0,,,,,8.0,9.0,,,6.0,3.0,,,,,2.0,7.0,7.0,6.0,,8.0,7.0,8.0,,8.0,,,,,,,,,0.0,6.0,,9.0,,5.0,,,6.0,,,0.0
7.0,,6.0,,,,8.0,9.0,,,6.0,,,,,,,,,,,9.0,8.0,6.0,,,,5.0,7.0,,,,,,,,7.0,7.0,,,0.0,,,9.0,,,,5.0,,,
,10.0,,7.0,,4.0,8.0,2.0,,,,,2.0,,,2.0,3.0,,,,8.0,8.0,,,,,,,,,7.0,,,,,,3.0,,,10.0,,,,,4.0,,,,6.0,,
,,,2.0,2.0,,9.0,,,,,0.0,4.0,,,3.0,5.0,,,,,1.0,10.0,2.0,,,,1.0,,,,,,,,,7.0,,,3.0,,,,,,2.0,,,,,
7.0,,,,,,3.0,7.0,,,,5.0,,,,,,,,10.0,,,,6.0,,,,5.0,,,7.0,,,,,,,,,8.0,,,,,,,,,7.0,,7.0
5.0,,,6.0,,5.0,9.0,7.0,,,,2.0,,,,5.0,7.0,,,,0.0,,4.0,4.0,8.0,,4.0,,,,4.0,,,3.0,,,,,,4.0,,,9.0,,5.0,8.0,,4.0,,,6.0
,,,,,,10.0,6.0,,,,8.0,,,,5.0,3.0,,,,,,3.0,3.0,6.0,,9.0,7.0,4.0,,4.0,4.0,,,,,,,,,,,,,,,,,,,8.0
1.0,,,7.0,,,6.0,8.0,,,,7.0,,,,,6.0,,,,,,9.0,6.0,6.0,,1.0,5.0,,,7.0,,,,,,6.0,,,,,,,,,9.0,,,,,6.0
3.0,,,,,,0.0,5.0,,,10.0,5.0,5.0,,,,,6.0,,,2.0,,5.0,,7.0,,6.0,6.0,2.0,,7.0,7.0,,,,,0.0,8.0,,5.0,,,,,2.0,,,,6.0,,6.0
,,,,,,5.0,,,,,,,,,3.0,3.0,,,,,6.0,,,2.0,,,,,,5.0,,,,,,,,,,,,,,,,,,,,5.0
,,,,,,8.0,,,,,,3.0,,,,,,,,,,5.0,,7.0,,6.0,,,,,5.0,,,,,,5.0,,,,,,,,,,,,,
4.0,,,3.0,,,5.0,4.0,,,,9.0,3.0,,,3.0,5.0,,,5.0,,,4.0,,4.0,4.0,9.0,,,,5.0,,,,,,,,,,,,,,4.0,,,3.0,4.0,,5.0
,2.0,,10.0,,,10.0,,,,,,6.0,,,3.0,6.0,,,3.0,,,6.0,,7.0,,2.0,,6.0,,,,,,,,,,3.0,,,,,,7.0,,,4.0,,,
,,6.0,9.0,3.0,,5.0,7.0,,0.0,,,7.0,,,,,,,,,,7.0,,,,5.0,,4.0,,,,,6.0,,,,6.0,,7.0,,5.0,,,,,7.0,,,,
,,,,,,7.0,,,,,,5.0,,,,,,,,7.0,,5.0,7.0,3.0,,,,,,5.0,,,,,,,,,,,,6.0,,4.0,,,,,,
6.0,8.0,1.0,7.0,1.0,,8.0,3.0,,5.0,,5.0,5.0,,,,7.0,,,0.0,9.0,,7.0,7.0,8.0,8.0,5.0,7.0,10.0,6.0,6.0,8.0,,4.0,,,6.0,6.0,,5.0,,,,6.0,,9.0,,,7.0,5.0,
10.0,10.0,5.0,7.0,6.0,5.0,9.0,,,4.0,,,3.0,,,4.0,3.0,3.0,,3.0,,,7.0,,6.0,,8.0,,4.0,,7.0,3.0,,3.0,,,5.0,5.0,5.0,3.0,4.0,,,,5.0,7.0,,7.0,6.0,5.0,5.0
,,,,,,9.0,8.0,,,,1.0,,,,,,,,,,,,,4.0,,,8.0,,,8.0,4.0,,,,,,,,,,,,,,,,,,,
,8.0,6.0,5.0,4.0,3.0,5.0,5.0,,,,,7.0,,,7.0,5.0,9.0,,9.0,6.0,7.0,3.0,,8.0,,,9.0,3.0,,7.0,5.0,8.0,,,,9.0,,8.0,7.0,7.0,,,,4.0,,,,6.0,,
0.0,,0.0,1.0,,,10.0,,,,,,6.0,,,,,,,,,,7.0,,9.0,,7.0,6.0,7.0,,,4.0,,5.0,,,,,,9.0,,,,,,,,,,,
3.0,,,1.0,1.0,,7.0,,,2.0,,4.0,2.0,,,5.0,2.0,,,5.0,,,2.0,,3.0,6.0,0.0,4.0,0.0,,6.0,1.0,,10.0,,,,2.0,4.0,0.0,,10.0,,,2.0,9.0,,2.0,5.0,3.0,
5.0,2.0,7.0,7.0,10.0,,5.0,,,2.0,,7.0,10.0,,,4.0,3.0,3.0,,1.0,10.0,7.0,8.0,,10.0,,3.0,8.0,6.0,,6.0,1.0,,6.0,,,6.0,7.0,9.0,9.0,,,,,,7.0,5.0,4.0,10.0,3.0,5.0
,8.0,,,4.0,,0.0,,,,,,5.0,,,5.0,,,,,,5.0,8.0,,4.0,,5.0,,5.0,,,,,,,,,,,,,,,,5.0,,,,,,
3.0,10.0,9.0,3.0,0.0,,7.0,,,2.0,,,0.0,,,3.0,4.0,8.0,,4.0,4.0,10.0,4.0,,10.0,,3.0,,6.0,,10.0,8.0,,7.0,,,6.0,9.0,,10.0,0.0,,,,,,,,2.0,,5.0
,,,,,,6.0,,,,,7.0,7.0,,,,,,,,,8.0,6.0,5.0,6.0,,6.0,9.0,,,8.0,5.0,,6.0,,,,6.0,,,,,6.0,,,5.0,5.0,,,,
,,,,,,9.0,,,,,0.0,,,,,,,,,,,5.0,7.0,10.0,,,,,,4.0,8.0,,,,,6.0,,,,,,,,,,,,,,
5.0,,,,,,,,,,,,,,,,,,,,,,,,5.0,,5.0,,,,4.0,,,,,,,,,,,,,,,,,,4.0,,7.0
,4.0,,3.0,6.0,5.0,10.0,5.0,,,,8.0,4.0,,,5.0,,,,,2.0,,6.0,,8.0,,6.0,6.0,8.0,,,5.0,7.0,,,,6.0,,,,,,,,,8.0,,7.0,6.0,,9.0
7.0,,,5.0,,,,5.0,,,,7.0,,,,3.0,,,,,5.0,,10.0,,3.0,,7.0,9.0,,,7.0,7.0,,,,,,7.0,,,,,,,6.0,5.0,,,4.0,,
,,,,,,7.0,6.0,,,,1.0,,,,3.0,2.0,,,,,,,7.0,8.0,,8.0,,,,,,,,,,,,,,,,,,,,,,,,
7.0,,,6.0,8.0,,6.0,8.0,,,,,,,,4.0,,,,,,,7.0,7.0,4.0,,,,,,,,,,,,,,,,,,,,7.0,,,,8.0,,
4.0,4.0,5.0,5.0,,3.0,6.0,6.0,,,,7.0,4.0,,,,,,,3.0,,5.0,4.0,,7.0,,1.0,,3.0,,3.0,,,,,5.0,,,5.0,,,,,,6.0,,,,5.0,5.0,2.0
,,,,,,7.0,8.0,,,,0.0,,,,3.0,3.0,,,,,,,8.0,10.0,,6.0,,,,,,,,,,,,,,,,,,,,,,,,
3.0,,,,,,2.0,7.0,,,,0.0,5.0,,,5.0,2.0,,,7.0,2.0,,,,8.0,,,,3.0,,8.0,,,,,,,,,,,,,,9.0,,,3.0,7.0,,
7.0,6.0,5.0,5.0,7.0,,6.0,5.0,2.0,2.0,3.0,,7.0,5.0,3.0,5.0,8.0,4.0,,,,6.0,7.0,,8.0,,7.0,,9.0,,5.0,8.0,,,,,3.0,,6.0,,,,,,6.0,,,,8.0,,6.0
2.0,6.0,,4.0,,,7.0,,,,,,,,,,,,,,,,0.0,5.0,,,8.0,8.0,,,7.0,8.0,,,,,8.0,,,,,,,,,,,,,,
9.0,,,7.0,5.0,,9.0,,,,,,6.0,,,9.0,6.0,0.0,,,,7.0,10.0,,5.0,,0.0,,,,,,,,,,,,10.0,,7.0,,,,,,10.0,,,,
5.0,3.0,,3.0,4.0,,7.0,5.0,,,,5.0,4.0,,,5.0,,3.0,,,,4.0,0.0,,4.0,,,6.0,,,7.0,,,,,,,,,7.0,,,,,4.0,6.0,,,4.0,,
0.0,7.0,2.0,6.0,6.0,,7.0,3.0,,,,,8.0,,,,,,,4.0,,3.0,5.0,,6.0,,7.0,,6.0,,,3.0,,,,,9.0,5.0,3.0,5.0,,,,,10.0,,,,5.0,,2.0
,,,,5.0,,7.0,2.0,,,,,5.0,,,,,6.0,,,,,10.0,,,,,,,,,,,,,,,,,,,,,,,,,,,,
,0.0,5.0,7.0,2.0,4.0,2.0,,,,,,7.0,,,,4.0,,,0.0,,,3.0,,2.0,,,,3.0,,,,,,,,,,1.0,,,,,,0.0,,,,1.0,,
5.0,,4.0,7.0,,4.0,6.0,7.0,,,,,,,,,,,,,8.0,7.0,8.0,5.0,2.0,,7.0,7.0,,,7.0,7.0,,,,,7.0,,,8.0,,,,,,,,,1.0,,
4.0,,,5.0,5.0,2.0,9.0,7.0,,,,,,,,,,,,,8.0,6.0,2.0,,7.0,,,,,,7.0,,,,,,7.0,,,,,,,,,,,,,,
9.0,5.0,5.0,7.0,,,6.0,3.0,,,5.0,,5.0,,,4.0,10.0,,,,,,9.0,,6.0,,8.0,,,,6.0,5.0,,,,,,,,3.0,,,,,2.0,,,,,,5.0
,9.0,3.0,9.0,5.0,6.0,5.0,6.0,,3.0,,9.0,10.0,,,,,4.0,,,6.0,5.0,9.0,7.0,5.0,,4.0,8.0,0.0,,5.0,4.0,,6.0,,,7.0,,,2.0,,,,,7.0,,6.0,,,,
7.0,,5.0,8.0,10.0,,6.0,8.0,,,,5.0,,,,4.0,6.0,0.0,,,,7.0,6.0,,5.0,,9.0,10.0,,,,,,6.0,,,4.0,6.0,,0.0,,,5.0,,3.0,8.0,,,5.0,,
4.0,,,4.0,5.0,3.0,7.0,7.0,,,,,5.0,,,3.0,4.0,5.0,,,7.0,9.0,9.0,,5.0,,3.0,9.0,,,,,,,,,6.0,,2.0,,,,,,5.0,,,4.0,2.0,,4.0
5.0,,,0.0,0.0,8.0,7.0,4.0,,4.0,,6.0,9.0,,,5.0,3.0,,,,,,8.0,8.0,4.0,,8.0,5.0,6.0,,,5.0,,7.0,,,8.0,7.0,,10.0,,,,,3.0,,9.0,3.0,7.0,,
,,,,,,8.0,5.0,,,,,,,,,,,,,0.0,3.0,,,,,3.0,,,,1.0,,,,,,,,,,,,,,,,,,,,
,,,0.0,,5.0,6.0,5.0,,,,2.0,2.0,,,2.0,5.0,,,,7.0,,2.0,,5.0,,2.0,,6.0,,1.0,,,,,,,,,,,,,,,6.0,,8.0,,,4.0
,,,,,,7.0,7.0,,,,,,,,,7.0,,,,3.0,,,,,,,10.0,,,8.0,,,,,,,,,,,,,,,10.0,,,,,9.0
8.0,7.0,,,,,3.0,5.0,,6.0,,,,,,2.0,,,,,7.0,,10.0,7.0,,,,,6.0,,2.0,8.0,,8.0,,,,9.0,,3.0,,,,,,1.0,,,,,
3.0,,5.0,,,2.0,1.0,,,,,,,,,3.0,,,,,,,,,8.0,,2.0,,,,8.0,,,,,,,,,,,,,,,9.0,,,,,
7.0,,,,,,8.0,9.0,,,,,5.0,,,6.0,6.0,,,,10.0,7.0,7.0,2.0,9.0,,6.0,8.0,,,8.0,,,,,,5.0,,,,,,,,5.0,,,,,,5.0
6.0,,,8.0,,,0.0,5.0,,,,,3.0,,,,,,,,6.0,,8.0,4.0,9.0,,,,9.0,,1.0,,,,,,,,,,,,,,7.0,,,,5.0,,
,,,7.0,8.0,,8.0,9.0,,,,,,,,,,,,,,,7.0,7.0,8.0,,5.0,,,,7.0,,,,,,,,,,,,10.0,,,1.0,,,,,10.0
,,,7.0,,,,9.0,,,,,,,,5.0,2.0,,,,,,,,6.0,,9.0,,,,,,,,,,,,,,,,,,,,,,9.0,,
10.0,7.0,,8.0,,,6.0,8.0,,,,7.0,7.0,,,,,9.0,,7.0,,,6.0,8.0,10.0,6.0,,6.0,9.0,,6.0,7.0,,,,,,10.0,,,,,8.0,,5.0,7.0,,7.0,6.0,7.0,
,,,,,,,2.0,,,,,,,,,,,,,,,,,,,,6.0,,,0.0,4.0,,,,,,,,,,,,,,,,,,,
1.0,,5.0,8.0,0.0,,7.0,6.0,,,,5.0,1.0,,,0.0,8.0,,,,,8.0,7.0,7.0,6.0,,0.0,,,,7.0,,6.0,,,,,,,,,,,,0.0,,,,,3.0,6.0
,,,7.0,4.0,,3.0,,,,,,,,,,5.0,4.0,,,,,8.0,,5.0,,,,,,1.0,,,,,,,,,,,,,,,,,,,,
9.0,5.0,,8.0,2.0,4.0,6.0,7.0,,,,1.0,4.0,,,,,,,,8.0,10.0,5.0,7.0,7.0,,8.0,,5.0,,,5.0,,,,,8.0,,,,7.0,,,,7.0,,,,9.0,,
,,,2.0,,,6.0,5.0,,,,,,,,4.0,3.0,,,,,,9.0,,7.0,,8.0,,,,7.0,,,,,,,,,,,,,,,,,,,,
,,,9.0,10.0,,7.0,3.0,,,,,,,,,,,,,,,,1.0,2.0,,,,,,,,,,,,,,,,,,,,5.0,,,,,,6.0
,,,,,,8.0,9.0,,,,8.0,,,,,,,,,5.0,,,,,,7.0,,,,6.0,,,,,,9.0,,,,,,,,,,,,,,4.0
,,,,,,6.0,,,,,,,,,4.0,,,,5.0,,,,,8.0,1.0,,7.0,,,0.0,,,,,,,,,,,,,,,6.0,,,,,
6.0,4.0,2.0,5.0,8.0,,7.0,3.0,,,,,4.0,,8.0,7.0,7.0,8.0,,3.0,5.0,4.0,6.0,,3.0,,3.0,1.0,8.0,5.0,2.0,5.0,,,,,3.0,8.0,5.0,,,,,,3.0,,4.0,8.0,8.0,,3.0
7.0,,4.0,9.0,,,8.0,8.0,,,,,3.0,,,3.0,5.0,,,,7.0,8.0,8.0,,3.0,,5.0,5.0,4.0,,1.0,,,,,,,6.0,,,,,,,5.0,1.0,,,,,
1.0,,,1.0,,1.0,10.0,5.0,,,,,,,,,8.0,,,,,,0.0,,6.0,,7.0,,8.0,,7.0,,,,,,,,,,,,,,,,,,,,5.0
,,,,,,8.0,,,,,8.0,4.0,,,,3.0,,,,,,,,5.0,,1.0,,,,6.0,,,,,,,,,,,,,,,6.0,,5.0,,,4.0
,,,,,,0.0,,,,,,,,,,,,,,,,,,,,,1.0,,,,,,,,,,,,,,,,,,,,,,,
,,,,,,7.0,7.0,,,,7.0,,,,,,,,,,6.0,7.0,,7.0,,3.0,,,,8.0,,,,,,,,,,,,,,7.0,,,,,,7.0
3.0,7.0,,8.0,5.0,,7.0,0.0,7.0,6.0,,,5.0,,,,3.0,1.0,,5.0,,4.0,5.0,,,,,9.0,6.0,,6.0,0.0,6.0,4.0,,,0.0,4.0,8.0,0.0,5.0,,3.0,,5.0,5.0,,4.0,7.0,10.0,
8.0,,,,,,5.0,,,,,,,,,,,,,,,,8.0,,5.0,,,6.0,,,,,,,,,,,,,,,,,,,,,,,
,,,,,,10.0,,,,,,,,,,,,,,,,,,0.0,,,,,,,,,,,,,,,,,,,,,,,,,,
5.0,4.0,,4.0,,,6.0,5.0,,,,,3.0,,,4.0,5.0,,,3.0,,,,,10.0,1.0,0.0,,5.0,,8.0,,,,,,,,,,,,,,2.0,,,,,,4.0
,1.0,,,,,6.0,,,,,6.0,,,,,,,4.0,,,,,,10.0,,,9.0,,,8.0,,,,,,,,,,,,,,,,,,,,
,,,,,,4.0,9.0,,,,,,,,,,,,,,,,,9.0,,,,,,,,,,,,0.0,,,,,,6.0,,,,0.0,,,,
5.0,,,7.0,,,8.0,2.0,,,,,,,,,,,,,,,,,3.0,,,,,,1.0,,,,,,,,,,,,10.0,,,,,5.0,6.0,,5.0
,,,3.0,,,8.0,,,,,,7.0,,,,,,,,,,7.0,,8.0,,7.0,,,,,,,,,,,,,,,,,,,,,,,,4.0
,7.0,6.0,6.0,,,4.0,,,,,2.0,,,,2.0,5.0,,,,,8.0,7.0,,5.0,,,,,,10.0,,,,,,,,,,,,,,7.0,,,,10.0,,
,1.0,8.0,8.0,0.0,,9.0,6.0,,,,,,,,,,,,,,,7.0,,,,8.0,,,,0.0,,,,,,8.0,,,,,,,,7.0,3.0,,,4.0,,
1.0,7.0,10.0,3.0,,,5.0,6.0,,,,,4.0,,,,10.0,5.0,,,6.0,4.0,9.0,,10.0,,6.0,6.0,,,5.0,4.0,,,,,5.0,7.0,,,,,4.0,,,,,7.0,5.0,,6.0
5.0,,,,,,8.0,,,,,2.0,,,,4.0,2.0,,,,,,5.0,,8.0,6.0,5.0,6.0,2.0,,2.0,7.0,,,,,,,,,,,,,,2.0,,3.0,8.0,,
,,5.0,3.0,4.0,4.0,9.0,10.0,,4.0,,,3.0,,,,,,,,,4.0,3.0,,3.0,,8.0,10.0,4.0,,5.0,,,,,,7.0,7.0,5.0,,,3.0,,,5.0,,,,3.0,,
,,,,,,7.0,,,,,,,,,,,,,,,,,,,,10.0,,,,5.0,,,,,,,,,,,,,,,,,,,,
9.0,,,,,,6.0,8.0,,,,,,,,,,,,,,,,,4.0,,8.0,,,,0.0,,,,,,,,,,,,,,,,,,4.0,,2.0
,10.0,,5.0,,,7.0,,,,,5.0,,,,,,,,,0.0,,5.0,6.0,9.0,,,6.0,,,5.0,,,,,,8.0,8.0,,,,,,,,10.0,,,,,
,,,,,,4.0,,,,,,,,,,,,,,0.0,,,,,,,,,,7.0,,4.0,,,,7.0,,,,,,,,,,,,,,
5.0,5.0,,5.0,5.0,10.0,6.0,5.0,,,,,10.0,,,,4.0,5.0,,,,3.0,7.0,9.0,3.0,,5.0,,,,,,,,,,,,,,,,,,3.0,10.0,,,7.0,,5.0
7.0,,10.0,,,,8.0,7.0,,,,,,,,4.0,,,,,8.0,,10.0,,8.0,,7.0,6.0,,,,,,,,,,,,,,,,,,,,,,,
,,,,,4.0,7.0,7.0,,,,,,,,0.0,8.0,,,,,,,3.0,3.0,,5.0,,,,,,,,,,,,,4.0,,,,,,,,,,,
,,,,,,5.0,5.0,,,,,4.0,,,,,,,,,5.0,5.0,,4.0,,,,4.0,,5.0,4.0,2.0,,,,,2.0,,5.0,,,,,,,5.0,,,,
,8.0,,10.0,5.0,,8.0,4.0,,,,,3.0,,,5.0,,,,9.0,,4.0,6.0,,7.0,,,,2.0,,1.0,,,,,,,,5.0,,,,7.0,,7.0,,,5.0,6.0,3.0,
5.0,3.0,2.0,4.0,,8.0,10.0,7.0,,,8.0,10.0,5.0,,,2.0,4.0,,,4.0,,,5.0,,7.0,6.0,4.0,8.0,10.0,,0.0,4.0,,1.0,,,9.0,4.0,2.0,10.0,7.0,,,,4.0,,8.0,,4.0,5.0,6.0
,,,8.0,,,7.0,,,,,8.0,,,,,,,,,,,7.0,7.0,8.0,,,7.0,,,0.0,,,7.0,,,,7.0,,7.0,,,4.0,,,,,,,,
7.0,7.0,6.0,6.0,7.0,5.0,7.0,6.0,,,,7.0,7.0,,,7.0,6.0,6.0,,,,3.0,6.0,,7.0,,6.0,,6.0,,8.0,5.0,,7.0,,,9.0,9.0,8.0,,,,7.0,,7.0,,,2.0,6.0,,8.0
,5.0,5.0,10.0,5.0,,5.0,,,10.0,,,,,,6.0,6.0,7.0,,,,5.0,7.0,,6.0,,7.0,7.0,7.0,5.0,6.0,8.0,,7.0,,,6.0,7.0,,6.0,,,,,6.0,,,,8.0,,
,,,,,,8.0,,,,,0.0,,,,,,,,,,6.0,10.0,,,,6.0,8.0,,,2.0,,,,,,,,,,,,,,,7.0,,,,,
,,,,,,0.0,,,,,0.0,,,,8.0,7.0,,,,6.0,,3.0,,4.0,,5.0,,,,0.0,1.0,,,,,3.0,9.0,,,,,,,,,,,3.0,,5.0
8.0,,,2.0,2.0,,,7.0,,,,,9.0,,,4.0,7.0,,,4.0,,2.0,6.0,,3.0,,,,10.0,,0.0,,,,,,,,3.0,,,,,,6.0,,,,,,10.0
,3.0,,5.0,0.0,,10.0,,,,,,3.0,,,4.0,,,,,,,6.0,,8.0,,5.0,6.0,,,7.0,7.0,,7.0,,,10.0,,,,,,,,,,,,,,7.0
,,,2.0,6.0,,6.0,7.0,,,,,,,,4.0,,,,,,,9.0,8.0,5.0,,,,,,,4.0,,,,,,,,,,,,,5.0,,,,,,
5.0,3.0,8.0,5.0,8.0,,6.0,7.0,,7.0,,7.0,,,,,,,,2.0,9.0,4.0,6.0,,5.0,,8.0,5.0,6.0,,5.0,9.0,,9.0,,5.0,6.0,8.0,,6.0,,,7.0,,5.0,,,,,,
3.0,,8.0,6.0,,,5.0,10.0,,,,,,,,,6.0,,,,6.0,,7.0,1.0,6.0,,3.0,,,,1.0,6.0,,3.0,,,6.0,8.0,,10.0,,,0.0,,,,,,,,
4.0,,7.0,8.0,,,9.0,8.0,,7.0,0.0,,0.0,,,4.0,6.0,,,,1.0,,5.0,,8.0,,5.0,8.0,6.0,,10.0,,,,,,1.0,7.0,7.0,8.0,,,,,8.0,,,6.0,4.0,,0.0
,9.0,,,,,9.0,6.0,,,,,,,,,,,,,,,,,,,8.0,,8.0,,,,,,,,,,,,,,,,,,,,,,
,,5.0,9.0,,,7.0,10.0,,,,2.0,8.0,,,7.0,,,,,,,6.0,,6.0,,6.0,7.0,,,7.0,,,,,,,6.0,,,,,,,,,,,,,8.0
,,,,,,5.0,3.0,,,,,,,,,,,,,,,,8.0,,,,,,,,,,,,,,,,,,,6.0,,,,,,,,
8.0,10.0,,7.0,,,7.0,5.0,,,,,,,,,,,,,,,9.0,,3.0,,10.0,,2.0,,,,,,,,,,,,,,,,,,,,,,
,,,,,,1.0,,,,,,,,,9.0,6.0,,,,,,6.0,,,,,0.0,,,,5.0,,,,,,,,9.0,,,7.0,,8.0,,,,,,
,,,,,,7.0,,,,,,,,,,,,,,,,6.0,,,,5.0,,,,,,,,,,,,,,,,,,,,,,,,
,,7.0,7.0,,3.0,6.0,4.0,,,,,8.0,,,4.0,3.0,,,,,6.0,7.0,,7.0,,7.0,5.0,5.0,,9.0,,,,,,,10.0,,6.0,,,,,,,,,,,
,,,5.0,3.0,,6.0,,,,,,4.0,,,3.0,5.0,,,,,,3.0,,5.0,,5.0,,,,10.0,,,,,,,,,,,,,,5.0,,,,,,
,,5.0,9.0,6.0,8.0,10.0,,,,,,,,,4.0,3.0,7.0,,,5.0,,8.0,,7.0,,6.0,,,,7.0,,,,,,,8.0,,,,,,,5.0,,,,,,3.0
4.0,,2.0,8.0,6.0,,7.0,6.0,,5.0,,8.0,8.0,,,5.0,8.0,4.0,,,6.0,,7.0,7.0,5.0,,8.0,5.0,,,7.0,7.0,,5.0,,,10.0,7.0,3.0,,,6.0,10.0,9.0,7.0,6.0,7.0,,7.0,,
,,,,,,8.0,,,,,,,,,,,,,5.0,,10.0,8.0,,8.0,,,5.0,5.0,,7.0,1.0,,,,,,,,,,,,,,,,,8.0,,
3.0,,,7.0,7.0,5.0,6.0,8.0,,,,0.0,,,,,8.0,,,,7.0,,8.0,,5.0,,7.0,,7.0,,1.0,,,,,,10.0,,,,,,6.0,,5.0,,,2.0,6.0,,6.0
8.0,,9.0,7.0,,,7.0,,,6.0,,5.0,,,,,,,,7.0,7.0,,5.0,6.0,,7.0,7.0,7.0,,,7.0,10.0,3.0,9.0,,,9.0,6.0,,5.0,,3.0,7.0,,7.0,,,,,,6.0
6.0,,8.0,,,,7.0,7.0,,,,6.0,,,,,,,,,,,5.0,,6.0,,9.0,5.0,,,5.0,5.0,,,,,,,,,,,8.0,,,,,10.0,,,
,,,8.0,,,4.0,7.0,,,,1.0,8.0,,,7.0,,,,,,9.0,,,10.0,,4.0,,4.0,,4.0,,,,,,,,,,,,8.0,,,,,,,,
4.0,,,,,,9.0,1.0,,,,,,,,5.0,5.0,5.0,,,,,7.0,,4.0,,8.0,,,,1.0,,,,,,,,,,,,8.0,,,,,,,,0.0
,,,9.0,,,3.0,6.0,,,,1.0,5.0,,,8.0,,,,,,7.0,,,6.0,,5.0,,3.0,,4.0,,,,,,,,,,,,8.0,,,,,,,,
,,,7.0,8.0,,4.0,,,,,,,,,,,,,,,0.0,6.0,,10.0,,,7.0,,,,,,,,,,,,,,,,,,,,,,,
0.0,5.0,,1.0,8.0,6.0,6.0,,,8.0,,8.0,0.0,,,3.0,5.0,4.0,6.0,8.0,,,0.0,1.0,2.0,9.0,1.0,10.0,0.0,,7.0,5.0,0.0,,,,7.0,8.0,5.0,,2.0,0.0,1.0,,6.0,6.0,8.0,,1.0,2.0,3.0
0.0,5.0,,,,,6.0,5.0,,,,10.0,,,,,5.0,,,,0.0,0.0,2.0,6.0,3.0,,3.0,7.0,,,8.0,2.0,,,,,0.0,,,1.0,,,8.0,,3.0,8.0,,,3.0,,6.0
5.0,4.0,,2.0,2.0,4.0,1.0,3.0,,5.0,,5.0,3.0,,,,,,,,3.0,3.0,3.0,8.0,5.0,,7.0,5.0,,,1.0,4.0,,,,,2.0,3.0,,5.0,,,6.0,,3.0,0.0,4.0,,,,
,,,,,,8.0,8.0,,,,0.0,,,,,,,,,,,,,7.0,,,,,,10.0,,,,,,7.0,7.0,,,,7.0,8.0,,,,,,,,
4.0,,,,,,8.0,7.0,,,,,9.0,,,4.0,8.0,,,,,,,,8.0,,3.0,,,,4.0,,,,,,,,,,,,,,,,,3.0,3.0,,8.0
,,,4.0,3.0,,8.0,,,,,7.0,4.0,,,2.0,,,,,,,2.0,,4.0,,8.0,6.0,,,,,,,,,,,,,,,,,5.0,,,,5.0,,
,3.0,,4.0,,4.0,3.0,,,,,,3.0,,,,2.0,,,,,5.0,4.0,6.0,3.0,,1.0,,0.0,,,2.0,,3.0,,,,,,3.0,,,,,7.0,,,,3.0,,
6.0,,,,6.0,,10.0,9.0,,,,5.0,3.0,,,6.0,7.0,,,,8.0,,4.0,,8.0,,5.0,5.0,,,,10.0,,6.0,,,7.0,5.0,,6.0,,,,,,8.0,,,6.0,,
,,,,,,,,,,,,,,,,,,,,,,,,,,,,,,,,,,,,,,,,,,,,,,,,,,
,,,,,,6.0,5.0,,,,,,,,,4.0,,,,,,,,,,,,,,,,,,,,,,,,,,,,3.0,,,,,,
9.0,,,,,,8.0,10.0,,,,,4.0,,,4.0,7.0,,,,7.0,,,,5.0,,8.0,8.0,7.0,,,,,,,,,,,,,,,,,,,,,,
,,,10.0,,,5.0,3.0,,,,3.0,,,,0.0,,,,,4.0,,1.0,7.0,7.0,,,,6.0,,0.0,,,,,,,,,,,,,,,9.0,,,,,5.0
2.0,,,4.0,4.0,,7.0,6.0,,,,,10.0,,,,,,,,,5.0,3.0,,4.0,,,,,,,,,,,,2.0,,,,,,,,,,,5.0,,,
9.0,,,6.0,,7.0,10.0,7.0,,,,,,,,,9.0,,,,3.0,,9.0,8.0,7.0,,7.0,7.0,5.0,,0.0,,,,,,,,,,,,,,,,,,,,
,,,,,,7.0,,,,,8.0,8.0,,,,,,,,,,,10.0,6.0,,,10.0,,,0.0,,,,,,,,,,,,,,,7.0,,,8.0,,
10.0,3.0,7.0,10.0,7.0,,8.0,5.0,,5.0,,7.0,,,,3.0,4.0,6.0,,6.0,6.0,,5.0,,7.0,10.0,7.0,7.0,6.0,,6.0,8.0,,6.0,,,9.0,9.0,6.0,9.0,5.0,,,,4.0,1.0,,,6.0,9.0,
4.0,,4.0,5.0,,,7.0,,,,,7.0,,,,,2.0,7.0,,,8.0,8.0,7.0,6.0,3.0,,6.0,5.0,,,6.0,,,,,,7.0,,,9.0,,,7.0,,0.0,,,,,,
9.0,6.0,7.0,0.0,,,6.0,8.0,,,,10.0,4.0,,,8.0,2.0,,5.0,1.0,4.0,2.0,6.0,,8.0,,8.0,7.0,10.0,,9.0,8.0,,3.0,,,7.0,9.0,,10.0,,5.0,5.0,,,,6.0,4.0,7.0,9.0,
,,,,,,8.0,,,,,4.0,2.0,,,,,,,,,,6.0,4.0,,,8.0,,,,,,,,,,,,,,,,,,,,,,,,
,,,6.0,,,,6.0,,,,,,,,2.0,3.0,,,,,,,,7.0,,0.0,7.0,,,1.0,,,,,,,,,4.0,,,6.0,,,,,,,,
2.0,,,5.0,,8.0,8.0,4.0,,,,,6.0,,,,,,,7.0,,,7.0,,7.0,,8.0,,8.0,,,,,,,,,,,,,,,,4.0,,,,,,3.0
,3.0,,,,,5.0,,,,,,1.0,,,,10.0,3.0,,,,,5.0,,6.0,10.0,2.0,,,,4.0,4.0,,,,,,,,,,,,,2.0,,,,4.0,,
5.0,,,6.0,,,5.0,10.0,,,,,6.0,,,,,,,,,10.0,6.0,6.0,6.0,,7.0,,,,7.0,,,,,,,,,,,,6.0,,,,,,,,
7.0,8.0,5.0,8.0,,8.0,10.0,,,,,,,,,6.0,8.0,,,,0.0,,7.0,1.0,5.0,,6.0,7.0,,,5.0,1.0,,7.0,,,7.0,5.0,,,,,,,7.0,,1.0,,3.0,,
5.0,5.0,4.0,10.0,2.0,7.0,7.0,8.0,,3.0,6.0,7.0,2.0,,5.0,,0.0,,,9.0,8.0,,9.0,,6.0,5.0,1.0,0.0,6.0,8.0,0.0,0.0,8.0,3.0,,9.0,7.0,8.0,6.0,8.0,8.0,,,5.0,7.0,,7.0,5.0,5.0,5.0,5.0
,,,6.0,,,6.0,5.0,,,,,,,,,,,,,,,6.0,,,,8.0,,,,0.0,,,,,,5.0,,,,,,,,,,,,,,
7.0,,,,,,7.0,8.0,,,,6.0,,,,,6.0,,,,,,,,,,6.0,,,,3.0,,,,,,,10.0,,,,,,,,,,,,,
5.0,8.0,,7.0,,5.0,4.0,8.0,,,,,,,,9.0,10.0,,,,6.0,,6.0,,8.0,,8.0,3.0,5.0,,8.0,,,,,,5.0,,6.0,7.0,,,,,6.0,,,10.0,7.0,,7.0
10.0,,,5.0,,,10.0,2.0,,,,,2.0,,,,,,,,,,7.0,6.0,5.0,,4.0,,,,7.0,,,,,,,,,,,,,,,,,3.0,7.0,,
,,,7.0,,,7.0,,,,,,,,,5.0,6.0,,,,,,7.0,,,,8.0,,,,,,,,,,,,,,,,,,,,,,,,7.0
1.0,7.0,6.0,1.0,,,5.0,5.0,,,,,5.0,,,,5.0,,,8.0,,,7.0,,7.0,,,,,,,7.0,,,,,5.0,,6.0,,,,,,,,,6.0,7.0,,
,,,,5.0,,6.0,,,,,,,,,,,,,,,,7.0,,4.0,,,,,,,,,,,,,8.0,,,,,,,3.0,,,,,,
2.0,,4.0,4.0,3.0,,6.0,,,7.0,,,5.0,,,3.0,5.0,,,,,3.0,2.0,,4.0,,,,2.0,,0.0,8.0,,9.0,,,,,,,,,,,4.0,,,7.0,4.0,,2.0
4.0,5.0,3.0,4.0,6.0,,0.0,,,3.0,,7.0,3.0,,,,,,,,7.0,,6.0,7.0,5.0,,7.0,7.0,5.0,,8.0,8.0,,,,,6.0,6.0,,4.0,,,7.0,,3.0,,,,9.0,,5.0
,4.0,,6.0,5.0,,9.0,5.0,,,,,3.0,,,3.0,10.0,,,,,,5.0,,2.0,,0.0,,,,,,,,,,,,,,,,,,5.0,,,,0.0,,3.0
,,,,,,6.0,,,,,5.0,,,,,,7.0,,,,,,,,,4.0,,,,8.0,,,,,,,,,,,,8.0,,,,,,,,
,7.0,6.0,8.0,8.0,5.0,2.0,2.0,,7.0,,,7.0,,,,6.0,,2.0,,,7.0,6.0,,7.0,,5.0,,1.0,,0.0,7.0,,4.0,,7.0,,9.0,,6.0,,,,,1.0,,,,,8.0,
,4.0,,9.0,4.0,,8.0,3.0,,,,,5.0,,,3.0,6.0,,,,,,3.0,,2.0,,1.0,,,,,,,,,,,,,,,,,,4.0,,,,2.0,,4.0
,,,6.0,,10.0,,10.0,,,,,,,,,,,,,,,8.0,,5.0,,,,6.0,,,10.0,,,,,,,9.0,,,,,,7.0,,,,,0.0,
,,,,,,7.0,6.0,,,,,,,,,2.0,,,,0.0,,7.0,,,,8.0,,,,4.0,,,,,,,,,,,,,,,,,,,,10.0
,,,8.0,,,,4.0,,,,,,,,,5.0,,,,1.0,,5.0,,3.0,,10.0,,,,5.0,,,,,,,,,,,,,,,,,,,,
,4.0,,,5.0,,9.0,6.0,,,,,,,,,7.0,,,,,,9.0,,7.0,,8.0,,,,1.0,,,,,,,,,,,,2.0,,7.0,10.0,,,,,
4.0,7.0,6.0,3.0,,,7.0,8.0,,,,,4.0,,,4.0,4.0,,,,,7.0,7.0,,5.0,,6.0,10.0,5.0,,,,,,,,,,,,,,,,,,,,,,3.0
,,10.0,7.0,7.0,,7.0,,,,,,6.0,,,,,,,,,9.0,7.0,,7.0,,,,10.0,,,,,,,,,,,,,,,,,,,,,,
,,,,,,7.0,,,,,0.0,,,,,,,,,,,,,4.0,,0.0,,8.0,,6.0,,,,,,,,,,,,,,,,,,6.0,,
2.0,3.0,7.0,0.0,,,8.0,3.0,,,,6.0,10.0,,,4.0,7.0,4.0,,,7.0,5.0,3.0,,10.0,,8.0,10.0,0.0,,6.0,8.0,,,,,,10.0,,5.0,,,,,4.0,,,3.0,,6.0,4.0
7.0,,,,,,7.0,5.0,,,,,3.0,,,,10.0,,,,,,9.0,,3.0,,1.0,,,,0.0,,,,,,,,,,,,,,,7.0,,3.0,7.0,,
,,,4.0,2.0,,,,,,,,,,,,,,,,,,6.0,,7.0,,1.0,,,,,,,,,,,,,,,,,,,,,,,,
3.0,2.0,7.0,3.0,6.0,4.0,7.0,3.0,,2.0,,1.0,,,,4.0,4.0,7.0,,,7.0,,8.0,3.0,6.0,,0.0,8.0,7.0,6.0,6.0,2.0,,,,2.0,5.0,6.0,,,,8.0,,6.0,3.0,8.0,,,9.0,,3.0
,,,,,,8.0,0.0,,,,,,,,,,,,,,,4.0,0.0,,,,9.0,,,,,,,,,,,,,,,,,,,,,,,
,,,,,,9.0,,,,,,,,,,,,,,,,,,,,,,,,,,,,,,,,,,,,,,,,,,,,
,,,4.0,,,10.0,,,,,,,,,,,,,,,,10.0,,,,9.0,,,,,,,,,,,,,,,,,,,,,,,,
,,10.0,,,,6.0,7.0,,9.0,,,,,,,8.0,6.0,,,,,8.0,,6.0,,,7.0,,,2.0,5.0,,,,,10.0,,,6.0,,,,,,6.0,,,,,
8.0,,,6.0,,0.0,9.0,0.0,,,,8.0,,,,,,,,,8.0,,6.0,,6.0,,10.0,,,,3.0,,,,,,8.0,,,,,,,,8.0,,,10.0,8.0,,7.0
,4.0,,,,,10.0,8.0,,,,7.0,,,,,,,,,,,,,,,,,,,,,,,,,,,,,,,,,,,,,,,
5.0,,3.0,4.0,6.0,,6.0,7.0,,,,6.0,5.0,,,5.0,4.0,,,,,4.0,8.0,,10.0,,,,,,7.0,,,,,,,,,,,,,,,,,,7.0,,3.0
,7.0,5.0,7.0,,,,,,,,,,,,,,,,,,,7.0,,,,,,6.0,,,,,,,,,,,,,,,,,,,,,,
,,,,,,6.0,6.0,,,,,0.0,,,,,,,,,,,,,,,,,,5.0,,,,,,,,,,,,,,,,,,,,
4.0,,,,,,6.0,5.0,,,,,,,,,,,,,,,7.0,,,,,6.0,,,9.0,,,,,,,,,,,,,,,,,,,,
,,,,,,8.0,8.0,,,,,,,,,4.0,,,,,,8.0,,3.0,,0.0,,,,,,,,,,,,,,,,,,,,,,,,
4.0,3.0,4.0,4.0,3.0,,8.0,0.0,,,,,5.0,,,4.0,2.0,3.0,,0.0,2.0,,7.0,,4.0,,3.0,0.0,4.0,,1.0,,,,,,,,,,,,,,4.0,,,,,,5.0
4.0,6.0,5.0,3.0,4.0,,5.0,5.0,,,,6.0,9.0,,,,2.0,,,,10.0,6.0,6.0,6.0,5.0,,1.0,3.0,,,7.0,7.0,,6.0,,,1.0,7.0,,6.0,,,7.0,,,,6.0,,,,
,,,,5.0,,6.0,,,,,,,,,,,,,,,,5.0,,,,4.0,5.0,,,,,,,,,,,,,,,,,,,,,,,
,6.0,,7.0,6.0,,3.0,,,,,,,,,,0.0,,,,,,8.0,,5.0,,6.0,0.0,,,6.0,4.0,,5.0,,,6.0,7.0,,4.0,,,,,7.0,,,,0.0,9.0,6.0
,,,,,,9.0,4.0,,,,,,,,,,,,7.0,,,,,6.0,,3.0,,7.0,,,,,,,,,,,,,,,,3.0,,,,,,
8.0,,,,,,6.0,,,,,,3.0,,,,,,,,,,,,7.0,,7.0,,,,,,,,,,,,,,,,,,,,,6.0,,,
,,5.0,,8.0,,6.0,,,,,,3.0,,,7.0,5.0,,,,,5.0,4.0,,,,,,,,,5.0,,,,,,,,,,,,,5.0,,,,8.0,,
9.0,5.0,,9.0,7.0,4.0,2.0,6.0,,,,6.0,9.0,,,7.0,7.0,6.0,,,,,5.0,,7.0,,7.0,6.0,8.0,,2.0,,,,,,7.0,,,,,,,,7.0,7.0,,7.0,6.0,,6.0
,,,,,,6.0,7.0,,,,,,,,,,,,,,,,8.0,,,7.0,6.0,,,2.0,,,,,,,,,,,,6.0,,,,,,,,
,,,,,,,,,,,,,,,,,,,,,,,,,,,,,,,,,,,,,,,,,,,,,,,,,,
,,4.0,,4.0,,8.0,,,,,,3.0,,,,,,,,5.0,,8.0,7.0,5.0,,7.0,6.0,4.0,,7.0,,,,,,6.0,,,3.0,,,10.0,,,,,,,,
,,4.0,,4.0,,5.0,,,,,,5.0,,,,,,,,5.0,,7.0,7.0,6.0,,7.0,8.0,3.0,,8.0,,,,,,7.0,,,5.0,,,8.0,,,,,,,,
,,,8.0,7.0,4.0,8.0,,,,,,,,,7.0,3.0,3.0,,0.0,,,7.0,7.0,6.0,,6.0,5.0,7.0,,8.0,10.0,,,,,2.0,8.0,,6.0,,,,,10.0,,8.0,,10.0,0.0,6.0
,,9.0,,,,6.0,,,,,,,,,4.0,4.0,,,,,,10.0,,5.0,,7.0,8.0,,,5.0,4.0,,,,,,,,,,,3.0,,,8.0,,,,,
,,,3.0,,,6.0,3.0,,,,,,,,,,,,,0.0,,5.0,,4.0,,5.0,0.0,,,1.0,2.0,,,,,8.0,,,,,,,,,,,,,,
,,,6.0,,,6.0,,,,,,,,,,,,,,,,,,3.0,,6.0,,,,,,,,,,,,,,,,,,,,,,,,
7.0,,,,5.0,,2.0,8.0,,,,,3.0,,,,,,,,,5.0,6.0,7.0,4.0,,,7.0,9.0,,2.0,,,,,,8.0,,,,,,,,,6.0,,,5.0,,
,,,,,,8.0,,,,,10.0,6.0,,,,,,,6.0,,,4.0,,6.0,,,,5.0,,5.0,,,,,,,,,,,,,,,,,,,,
4.0,,,8.0,,,2.0,3.0,,,,5.0,,,,,3.0,,,,3.0,4.0,5.0,,4.0,,3.0,,,,3.0,,,,,,,,,,,,,,2.0,5.0,,,,,3.0
10.0,,,,,,8.0,10.0,,,,,,,,,,,,,,,7.0,,,,7.0,7.0,,,8.0,,,,,,,,,,,,,,,,,,,,7.0
7.0,7.0,1.0,1.0,4.0,2.0,3.0,,,0.0,4.0,,2.0,0.0,4.0,2.0,5.0,3.0,,6.0,,3.0,,,1.0,1.0,,0.0,8.0,1.0,0.0,3.0,3.0,,,6.0,7.0,9.0,1.0,8.0,2.0,3.0,2.0,5.0,,1.0,0.0,8.0,8.0,7.0,6.0
,,,,5.0,,8.0,2.0,,,,,,,,3.0,7.0,,,,,,10.0,,6.0,,7.0,8.0,,,0.0,,,,,,,,,,,,10.0,,,,,,,,
,5.0,,5.0,,,9.0,9.0,,,,,,,,,3.0,,,,7.0,,5.0,,5.0,,10.0,5.0,4.0,,9.0,,,,,,7.0,,,3.0,,,,,,,,,,,
9.0,,,,3.0,,6.0,8.0,,,,,6.0,,,3.0,8.0,,,,,,3.0,,6.0,,1.0,,,,,,,,,,,,,,,,,,,2.0,,5.0,,,3.0
9.0,2.0,3.0,5.0,5.0,,5.0,,,,,,,,,5.0,4.0,,,4.0,,3.0,2.0,,6.0,,6.0,,,,,,,,,,,,,,,,,,3.0,,,,4.0,,4.0
,,,5.0,,,6.0,,,,,1.0,,,,6.0,5.0,,,,5.0,,,9.0,6.0,,8.0,,,,8.0,,,,,,,,,,,,,,,,,,3.0,,7.0
8.0,5.0,4.0,4.0,10.0,,6.0,3.0,,,,,,,,3.0,4.0,,,2.0,,3.0,8.0,,6.0,,7.0,10.0,6.0,,2.0,10.0,,,,,6.0,,,6.0,5.0,,,,0.0,,,,8.0,,5.0
,,,,,,2.0,3.0,,,,,,,,,,,,,9.0,,,,,,,6.0,,,0.0,,,,,,8.0,,,,,,,,,,,,,,
,,,,,,0.0,5.0,,,,,,,,,,,,,10.0,,,,,,,6.0,,,2.0,,,,,,8.0,,,,,,,,,,,,,,
,,,7.0,,,6.0,2.0,,,,,,,,,,,,,,,3.0,,5.0,,,,,,10.0,,,,,,,,,,,,,,,,,,,,
6.0,8.0,8.0,4.0,5.0,,8.0,8.0,,,,,5.0,,,5.0,6.0,,,,,,5.0,,8.0,,5.0,,,,1.0,7.0,,,,,,5.0,,,,,,,3.0,,,,9.0,,
,,,,,,5.0,3.0,,,,,,,,,,,,,6.0,,,,,,5.0,,,,0.0,,,,,,8.0,,,,,,6.0,,,,,,,,
2.0,6.0,4.0,5.0,,8.0,9.0,3.0,,5.0,,,2.0,,,,5.0,,,,9.0,,4.0,,6.0,,8.0,,5.0,,5.0,,,,,,7.0,3.0,,3.0,,,,,6.0,5.0,,5.0,3.0,,7.0
7.0,6.0,,8.0,4.0,,8.0,8.0,,,,0.0,7.0,,,7.0,6.0,,,,6.0,,10.0,,10.0,,6.0,,6.0,,7.0,,,,,,7.0,7.0,,,,,6.0,,3.0,7.0,,,6.0,3.0,7.0
3.0,,10.0,,,,10.0,,,,,,6.0,,,6.0,,10.0,,,,,,,6.0,,5.0,,,,,,,,,,,,,,,,,,3.0,,,,,,
4.0,4.0,2.0,5.0,5.0,,,,,3.0,,,5.0,,,4.0,4.0,,,,,,6.0,,5.0,,7.0,6.0,,,7.0,0.0,5.0,4.0,,,9.0,,2.0,3.0,,,,,4.0,,2.0,3.0,2.0,2.0,3.0
,0.0,0.0,7.0,0.0,7.0,8.0,,,,,,6.0,,,8.0,5.0,,,8.0,,7.0,5.0,,1.0,,6.0,,10.0,,,1.0,,,,,,,9.0,,,,,,,,,9.0,0.0,4.0,
4.0,,,0.0,3.0,2.0,6.0,0.0,,,,,3.0,,,0.0,4.0,,,,2.0,,7.0,,4.0,,0.0,0.0,1.0,,,1.0,,,5.0,,4.0,,4.0,,2.0,,,,,,0.0,3.0,1.0,,
,,,,,,6.0,,,,,,4.0,,,7.0,,,,,,,10.0,,5.0,,8.0,,8.0,,,,,,,,,,,,,,,,,,,,2.0,,
5.0,,3.0,,,,9.0,7.0,,,,6.0,4.0,,,,3.0,,,,8.0,5.0,6.0,,8.0,,10.0,8.0,8.0,,5.0,7.0,,8.0,,,5.0,8.0,,10.0,,,5.0,,,,,,,,8.0
3.0,,5.0,,,,8.0,9.0,,,,7.0,3.0,,,,3.0,,,,7.0,4.0,8.0,,6.0,,5.0,7.0,6.0,,8.0,8.0,,6.0,,,6.0,7.0,,8.0,,,10.0,,,,,,,,8.0
2.0,,,,,5.0,7.0,,,,,,9.0,,,4.0,4.0,5.0,,,,,,,7.0,,,6.0,9.0,,0.0,,,,,,7.0,,,4.0,,,,,,,,,,,
,,,,,,8.0,,,,,,5.0,,,,,,,,,,5.0,,5.0,,,0.0,,,,,,,,,,,,8.0,,,,,,,,,,,
,,2.0,6.0,,0.0,6.0,0.0,,,,,,,,7.0,6.0,,,,,,8.0,,6.0,,8.0,,4.0,,0.0,10.0,,,,,,,,2.0,,,,,,,,,10.0,,7.0
,,,,,,,,,,,0.0,,,,7.0,5.0,4.0,,,,,7.0,,,,6.0,,,,0.0,,,,,,,,,4.0,,,,,,,,7.0,,,
,,,8.0,0.0,,7.0,,,,8.0,10.0,4.0,,,,,,,,,8.0,9.0,,5.0,8.0,,,,,6.0,1.0,,,,,,,,,,,,,,10.0,,,5.0,,
,,,,,,8.0,,,,,,2.0,,,,,,,,,,,,6.0,,,0.0,,,,,,,,,6.0,,,,,,,,,,,,,,
,,,,,,9.0,,,8.0,,,,,,,,8.0,,,,,,7.0,,,,6.0,,,8.0,8.0,,,,,,6.0,,,,,6.0,,,,,,,,
,,5.0,,,,1.0,,,,,,7.0,,,6.0,,,,,,,4.0,,7.0,,,,,,,0.0,,,,,,,,5.0,,,,,,,,,5.0,,
,,,,,,3.0,2.0,,,,,10.0,,,5.0,,8.0,,,8.0,1.0,8.0,2.0,6.0,,3.0,5.0,,,0.0,7.0,,5.0,,,1.0,,6.0,2.0,,,,,,5.0,,,10.0,3.0,
,8.0,9.0,4.0,1.0,,9.0,,,,,6.0,4.0,,,4.0,10.0,1.0,,,,0.0,8.0,,4.0,,6.0,6.0,5.0,,0.0,7.0,,,,,,7.0,,6.0,1.0,,,,1.0,0.0,0.0,,5.0,5.0,
,5.0,6.0,4.0,1.0,,7.0,,,,,8.0,2.0,,,3.0,7.0,0.0,,,,1.0,8.0,,3.0,,6.0,6.0,3.0,,0.0,6.0,,,,,,9.0,,7.0,2.0,,,,0.0,0.0,1.0,,4.0,5.0,
9.0,,,,,,7.0,4.0,,,,0.0,,,,5.0,3.0,,,,7.0,,6.0,,3.0,,,,,,7.0,7.0,,,,,,,,,,,,,5.0,6.0,,,7.0,,4.0
3.0,,,3.0,,,6.0,7.0,,,,0.0,,,,0.0,6.0,,,,7.0,,8.0,10.0,6.0,6.0,5.0,,,,0.0,,,,,,8.0,0.0,,1.0,,,7.0,,2.0,,,2.0,4.0,,5.0
,,,,,,8.0,9.0,,,,,,,,,,,,,,,5.0,7.0,,,6.0,9.0,,,9.0,,,,,,,,,,,,,,,,,,,,
8.0,8.0,7.0,,3.0,,7.0,,,,,6.0,8.0,,,10.0,5.0,,,,,5.0,8.0,,10.0,,5.0,,8.0,,9.0,6.0,,,,,,,,,,,,,,6.0,,8.0,8.0,8.0,
8.0,,7.0,,,,6.0,9.0,,,,2.0,7.0,,,,,,,,,8.0,8.0,,9.0,,0.0,,,,7.0,,,,,,9.0,,,,,,6.0,,,0.0,,,6.0,,
,6.0,7.0,7.0,4.0,2.0,7.0,,,,,8.0,9.0,,,,,10.0,,,7.0,,5.0,9.0,10.0,,,5.0,,,8.0,5.0,,,,,9.0,9.0,,,,,4.0,,7.0,,9.0,,,,
,,,1.0,,,8.0,,,,,,5.0,,,0.0,0.0,,,,,,,,7.0,,7.0,1.0,2.0,,7.0,,,,,,,,,,,,,,7.0,,,,,,
,,,,,,10.0,,,,,,3.0,,,,,,,,,,7.0,,6.0,,,,,,6.0,,,,,,,,,,,,,,,,,,,,
5.0,,,,,5.0,6.0,,,,,,9.0,,,4.0,5.0,5.0,,,,,,,5.0,,,10.0,7.0,,0.0,,,,,,10.0,,,3.0,,,,,,,,,,,
,3.0,3.0,4.0,1.0,5.0,8.0,5.0,,,,10.0,7.0,,,,,,,3.0,,6.0,4.0,,6.0,,2.0,,9.0,,5.0,4.0,,,,,7.0,6.0,,,,,,,9.0,6.0,,,7.0,2.0,2.0
4.0,3.0,3.0,4.0,,,9.0,5.0,,7.0,,5.0,6.0,,,4.0,,,,,,,10.0,4.0,3.0,,5.0,6.0,3.0,2.0,1.0,10.0,,,,,5.0,8.0,,3.0,,4.0,6.0,,3.0,10.0,,,,3.0,
,3.0,0.0,0.0,6.0,7.0,2.0,7.0,,,,,7.0,,,1.0,2.0,,,7.0,,,1.0,,7.0,,,,3.0,,,,,,,,0.0,,,,,,,,5.0,,,,2.0,,4.0
4.0,,,6.0,5.0,,7.0,8.0,,,,,,,,,,,,,7.0,,8.0,6.0,5.0,,8.0,5.0,2.0,,2.0,3.0,,,,,8.0,7.0,,,2.0,,,,,,,,1.0,,2.0
2.0,5.0,6.0,9.0,8.0,7.0,5.0,8.0,,7.0,,,5.0,,,5.0,7.0,7.0,,9.0,,7.0,6.0,9.0,7.0,,4.0,7.0,9.0,6.0,7.0,8.0,,,,,6.0,10.0,6.0,6.0,,,,,5.0,,,,9.0,7.0,10.0
,,,0.0,,3.0,9.0,3.0,,,,,,,,3.0,4.0,,,,,,3.0,,5.0,,,,,,1.0,,,,,,,,,,,,,,,9.0,,8.0,,,3.0
,,,,,,6.0,,,,,,5.0,,,,,6.0,,,,,,,4.0,,,,,,,,,,,,,,,,,,,,,,,,,,
,1.0,0.0,,6.0,,7.0,,,,,,9.0,,,2.0,8.0,2.0,,,,0.0,6.0,,10.0,,7.0,0.0,,,,0.0,,,,,,,,,,,,,0.0,,,,1.0,,8.0
6.0,,,,,,9.0,10.0,,,,,,,,,5.0,,,,,,,,7.0,,7.0,,,,,,,,,,,,,,,,,,,6.0,,,,,
,,,5.0,,,6.0,,,,,,,,,,,,,,,7.0,,,,,,,,,,,,,,,,,,,,,,,,,,,,,
4.0,,,,,,0.0,,,,,,4.0,,,,7.0,,,,,,4.0,0.0,7.0,,,1.0,,,4.0,,,,,,,6.0,,7.0,,,,,,,,,,,
,5.0,,,,,5.0,,,,,1.0,,,,10.0,,,,,,,,8.0,2.0,,8.0,,4.0,,,,,,,,,,,,,,,,,0.0,,,,,7.0
0.0,8.0,5.0,10.0,4.0,7.0,8.0,6.0,,,,,5.0,,,4.0,6.0,,,9.0,,7.0,6.0,,7.0,,6.0,,5.0,,10.0,4.0,,,,4.0,6.0,0.0,6.0,4.0,,,,,9.0,,,,4.0,4.0,7.0
4.0,,,6.0,6.0,,6.0,,,,,,2.0,,,5.0,8.0,,,,,4.0,8.0,,6.0,,6.0,,,,,,,,,,,,,,,,,,8.0,,,6.0,,,
,5.0,,5.0,5.0,3.0,7.0,,,,,,9.0,,,4.0,4.0,,,,,5.0,4.0,,6.0,,1.0,7.0,5.0,,0.0,,,,,,9.0,,,,,,,,,,,,5.0,,8.0
,,,,,,,,,,,,,,,,,,,,,,,,,,,,,,,,,,,,,,,,,,,,,,,,,,
4.0,,,,,,10.0,6.0,,,,,,,,,,,,,,,8.0,,10.0,,,,,,,,,,,,0.0,,,,,,,,5.0,,,3.0,5.0,,
,5.0,7.0,6.0,5.0,,6.0,,,,,,7.0,,,8.0,7.0,,,,,,7.0,10.0,8.0,,,,,,,,,4.0,,,,,5.0,,,,,,9.0,,,,7.0,5.0,
,,,,,,6.0,6.0,,,,,,,,,,,,,3.0,,2.0,,5.0,,7.0,,,,0.0,,,,,,,,,,,,,,6.0,,,,,,
,,,,,,5.0,,,,4.0,7.0,,,,,,,,,5.0,,8.0,,7.0,,7.0,5.0,,,,,,,,,9.0,,,,,,,,,,,,,,6.0
,7.0,6.0,,5.0,,10.0,,,9.0,,10.0,,,,6.0,7.0,,,5.0,,,7.0,2.0,5.0,,5.0,10.0,6.0,,8.0,5.0,5.0,,,,5.0,7.0,,,,8.0,6.0,,10.0,,10.0,,7.0,9.0,
,,7.0,5.0,8.0,5.0,7.0,4.0,,0.0,,8.0,6.0,,,0.0,,,,,5.0,6.0,8.0,7.0,7.0,,9.0,,7.0,,6.0,0.0,,5.0,,,7.0,9.0,,,,,8.0,,,,,,2.0,,
,0.0,,10.0,,6.0,5.0,2.0,,8.0,6.0,,4.0,,,5.0,7.0,,,,10.0,0.0,8.0,8.0,10.0,,1.0,8.0,7.0,,7.0,9.0,,,,,6.0,5.0,7.0,7.0,,,,,6.0,,8.0,,,,7.0
,,1.0,4.0,6.0,,7.0,,,2.0,,1.0,6.0,,,,,,,,2.0,,5.0,,6.0,,4.0,,3.0,,7.0,4.0,,5.0,,,8.0,7.0,,4.0,,,,,5.0,,3.0,,,1.0,
,,,4.0,,,7.0,6.0,,,,,,,,,,,,,,,7.0,,,,5.0,,,,,,,,,,,,,,,,,,,,,,,,
,5.0,0.0,5.0,2.0,,8.0,,,,,0.0,5.0,,,2.0,3.0,5.0,,7.0,,0.0,6.0,,8.0,,5.0,,9.0,,4.0,1.0,,,,,,,10.0,,,,,,10.0,,,,6.0,,
,10.0,,4.0,3.0,,6.0,2.0,,,,5.0,5.0,,,2.0,,,,,,,4.0,0.0,2.0,,0.0,0.0,,,,,,,,,,,,,,,,,,,,,0.0,,
,,,10.0,,,7.0,,,,,3.0,4.0,,,3.0,3.0,,,,,,6.0,,9.0,,6.0,6.0,6.0,,8.0,,,,,,3.0,,,,,,,,4.0,,,,,,
0.0,2.0,2.0,4.0,8.0,4.0,7.0,5.0,,4.0,,,5.0,,,8.0,2.0,4.0,,2.0,0.0,3.0,6.0,3.0,8.0,,6.0,3.0,5.0,,5.0,4.0,5.0,4.0,,,4.0,5.0,8.0,8.0,5.0,5.0,5.0,,3.0,,,0.0,5.0,2.0,5.0
7.0,5.0,,8.0,6.0,,6.0,,,,9.0,7.0,7.0,,,5.0,3.0,,,7.0,,,5.0,,5.0,10.0,7.0,8.0,9.0,,8.0,,,,,,,,,5.0,,,,,7.0,10.0,,7.0,5.0,,5.0
9.0,,,,,,8.0,8.0,,,,,4.0,,,,,7.0,,,2.0,,8.0,,,,5.0,7.0,8.0,,,3.0,3.0,,,,7.0,,,,,,,,,,,,,,
3.0,,3.0,7.0,,,1.0,,,,,,5.0,,,,,,,,,9.0,7.0,,7.0,,4.0,,,,1.0,,,8.0,,,7.0,,,8.0,,,,,,,,,,,
10.0,,,7.0,7.0,,7.0,10.0,,,,1.0,3.0,,,6.0,5.0,,,8.0,2.0,,7.0,6.0,3.0,,7.0,,,,5.0,,,,,,,,,1.0,,,6.0,,,,,5.0,6.0,,7.0
8.0,,6.0,6.0,10.0,,7.0,,,,,,5.0,,,,5.0,,,,,2.0,8.0,,,,,,,,,10.0,,,,,8.0,,,7.0,,,,,,,,,6.0,,
,,,7.0,,,,,,,,,,,,,5.0,,,,7.0,,,8.0,6.0,,0.0,,,,8.0,,,,,,6.0,,,,,,10.0,,,2.0,,,,,3.0
,,,,,,7.0,,,,,,,,,,,,,,,,6.0,,,,,,,,,,,,,,,,,,,,,,,,,,,,
5.0,3.0,5.0,5.0,,,5.0,,,7.0,,,,,,,,,,,,8.0,6.0,5.0,5.0,,7.0,7.0,3.0,,2.0,8.0,5.0,,,,6.0,8.0,,10.0,,4.0,,,2.0,,6.0,,,,
4.0,,7.0,2.0,4.0,,7.0,,,,,,,,,6.0,,,,,,,8.0,4.0,,,5.0,8.0,,,,3.0,,8.0,,,8.0,,,,,,,,7.0,,,,3.0,,
,,,,4.0,,3.0,,,,,,,,,4.0,5.0,,,,,,,,,,,8.0,,,,,,,,,,,,,,,,,,,,,,,
,,4.0,4.0,5.0,,5.0,,,,,7.0,5.0,,,3.0,4.0,3.0,,2.0,,2.0,3.0,,4.0,4.0,9.0,1.0,3.0,,,5.0,,,,,,,,,,,,,5.0,,,,2.0,,5.0
,,,7.0,,,6.0,1.0,,,,,7.0,,,5.0,10.0,,,,,,,,6.0,,0.0,,,,3.0,,,,,,,,,,,,,,,,,,,,8.0
,,,10.0,,,8.0,2.0,,,,,6.0,,,5.0,6.0,,,,,,,,8.0,,0.0,,,,4.0,,,,,,,,,,,,,,,,,,,,6.0
,,,,,,10.0,,,,,,,,,,,,,,2.0,7.0,8.0,,3.0,,6.0,10.0,,,,,,,,,,,,,,,,,,,,,,,
,6.0,,,8.0,,9.0,,,,,,10.0,,,7.0,,,,,,,9.0,7.0,,,,,8.0,,,6.0,,7.0,,,,,,,,,9.0,,,,,,,,
,,6.0,3.0,,,8.0,,,,,,4.0,,,,,3.0,,,,,5.0,,,,0.0,,,,9.0,,,,,,,,,,,,,,5.0,,,,,,
,4.0,,6.0,6.0,,9.0,9.0,,,,9.0,,,,,,5.0,,10.0,,7.0,8.0,4.0,,,3.0,7.0,,,3.0,9.0,,,,,5.0,,,,,,,,6.0,5.0,,7.0,8.0,,
5.0,5.0,6.0,7.0,,,6.0,2.0,,,,,,,,,,,,,,8.0,8.0,,7.0,,,6.0,6.0,,6.0,,,,,,8.0,,,5.0,,,,,,,,,9.0,,
8.0,,,,,,7.0,,,,,,,,,,8.0,,,,,,5.0,,7.0,,7.0,,,,,7.0,,,,,,,,8.0,,,,,,,,,,,5.0
,,,7.0,,,7.0,,,,,,,,,,3.0,,,,1.0,,7.0,9.0,7.0,,6.0,,,,0.0,8.0,,,,,10.0,,,,,,,,0.0,,,,,,
5.0,,1.0,1.0,9.0,,6.0,8.0,,,,,,,,7.0,9.0,7.0,,,,,10.0,,7.0,,8.0,5.0,,,5.0,5.0,,8.0,,,8.0,5.0,,7.0,,3.0,,,,,,,,,
,6.0,,,,,5.0,,,,,,,,,,,,,,,10.0,,6.0,,,,,,,5.0,,,,,,,,,,,,5.0,,,,,,,,
4.0,2.0,,6.0,6.0,,7.0,,,,,,,,,,7.0,8.0,,,,,7.0,,8.0,,,9.0,,,,0.0,,2.0,,,0.0,,,,,,,,7.0,,,,3.0,,
,,,3.0,10.0,,7.0,,,,,,,,,,,,,,,,7.0,,,,8.0,,,,,,,,,,,,,,,,,,,,,,,,
5.0,,,9.0,,,0.0,9.0,,,,,,,,8.0,,,,,,,,,4.0,,5.0,,,,0.0,,,,,,10.0,,,10.0,,,,,2.0,,,5.0,,,7.0
10.0,,,,7.0,6.0,7.0,7.0,,,10.0,5.0,4.0,,,5.0,,,,3.0,,6.0,2.0,6.0,6.0,,6.0,7.0,,,5.0,,,3.0,,,8.0,,5.0,5.0,,,6.0,,0.0,7.0,,,2.0,3.0,0.0
6.0,3.0,5.0,2.0,0.0,7.0,0.0,7.0,,,,,4.0,,,,3.0,,,5.0,10.0,6.0,3.0,0.0,9.0,,5.0,8.0,8.0,,7.0,5.0,,3.0,,,9.0,10.0,5.0,,,,,,2.0,7.0,,4.0,8.0,5.0,5.0
2.0,,8.0,5.0,,7.0,10.0,8.0,,,,,7.0,,,,8.0,,,7.0,7.0,8.0,6.0,,3.0,7.0,8.0,,9.0,,7.0,0.0,,8.0,,,6.0,,,7.0,,,,,6.0,,,2.0,6.0,3.0,
3.0,,,1.0,,,7.0,6.0,,,9.0,7.0,,,,,2.0,,,5.0,8.0,4.0,4.0,8.0,3.0,,4.0,,4.0,,4.0,5.0,,,,,7.0,4.0,,4.0,,,5.0,,,6.0,,,2.0,4.0,2.0
4.0,4.0,7.0,1.0,0.0,,7.0,,,4.0,,,,,,4.0,,,,,,7.0,7.0,,9.0,,5.0,6.0,,,6.0,4.0,,5.0,,,,7.0,,,,,,,0.0,,,,7.0,,
4.0,,,4.0,,,5.0,,,,,,5.0,,,,2.0,,,4.0,,,4.0,,3.0,,5.0,,3.0,,1.0,,,,,,,,,,,,,,8.0,,,,3.0,,
,2.0,8.0,,,,7.0,6.0,,,,,7.0,,,3.0,6.0,,,,,,7.0,8.0,8.0,,5.0,,,,7.0,,,,,,2.0,,,,,,,,,,,,,,
4.0,4.0,1.0,7.0,,,9.0,4.0,,2.0,2.0,6.0,5.0,,,2.0,5.0,,,0.0,0.0,2.0,6.0,1.0,5.0,2.0,3.0,8.0,0.0,,,4.0,,4.0,,,3.0,4.0,,5.0,,,4.0,,5.0,,,,,,5.0
,9.0,6.0,9.0,9.0,7.0,7.0,6.0,,,,8.0,8.0,,,6.0,7.0,5.0,,7.0,6.0,9.0,0.0,,7.0,7.0,7.0,5.0,8.0,,,3.0,,10.0,,,0.0,7.0,10.0,,,,,,9.0,,,0.0,6.0,,6.0
4.0,7.0,6.0,8.0,3.0,1.0,7.0,2.0,,,3.0,6.0,4.0,,,4.0,4.0,3.0,,6.0,2.0,9.0,5.0,,2.0,,9.0,6.0,9.0,,,2.0,5.0,3.0,,,3.0,7.0,,7.0,5.0,,,,,,5.0,7.0,5.0,2.0,0.0
,,,7.0,,,5.0,5.0,,,,,,,,,6.0,,,,8.0,,8.0,5.0,7.0,,0.0,,,,2.0,,,,,,,,,,,,,,,,,,,,
6.0,,,0.0,5.0,,6.0,,,,,,1.0,,,,,,,9.0,,,10.0,,3.0,,6.0,,,,0.0,,,,,,8.0,,,,,,,,,,,,,,
,,,,,,,,,,,,,,,,,,,,,,,,,,,,,,,,,,,,,,,,,,,,,,,,,,
7.0,7.0,,,,,7.0,,,,,5.0,,,,8.0,,,,,9.0,,8.0,,,,,6.0,10.0,,8.0,,,,,,,,,,,,,,,,,,5.0,,
4.0,,,3.0,,5.0,6.0,,,,,,4.0,,,,,,,,2.0,,4.0,,4.0,,,,,,,5.0,,,,,8.0,,,,,,,,3.0,,,,5.0,,3.0
,,,,,,8.0,5.0,,,,,,,,,,,,,,8.0,7.0,,5.0,,,,,,7.0,,,,,,,,,,,3.0,,,,,,,,,
6.0,,10.0,5.0,,,10.0,5.0,,,,,5.0,,,4.0,5.0,8.0,,1.0,,5.0,7.0,,6.0,,5.0,,,,8.0,,,,,,9.0,,8.0,,,,,,5.0,1.0,,,6.0,,6.0
,3.0,,3.0,,,7.0,5.0,,,,,,,,,,,,,,3.0,,6.0,8.0,,4.0,0.0,4.0,,,,,,,,,,,,,,6.0,,6.0,,7.0,,1.0,,
9.0,,,,,,,,,,,,,,,,,,,,,,,,,,7.0,,10.0,,,,,,,,,,,,,,,,,,,,,,6.0
3.0,6.0,7.0,5.0,3.0,1.0,10.0,0.0,,,4.0,6.0,3.0,,,2.0,4.0,4.0,,6.0,0.0,8.0,5.0,,3.0,,8.0,10.0,7.0,,,5.0,8.0,5.0,,,2.0,7.0,,8.0,5.0,,,,,,5.0,7.0,5.0,5.0,0.0
,,4.0,,1.0,,10.0,,,,,5.0,9.0,,,,5.0,,,3.0,,5.0,6.0,,,,7.0,7.0,,,5.0,6.0,,8.0,,,,10.0,,,,,,,,10.0,,,4.0,,
2.0,,,6.0,,,,,,,,,,,,,,,,,,,5.0,7.0,6.0,,,,,,,,,,,,7.0,,,,,,,,,,,,,,
5.0,0.0,1.0,,0.0,,7.0,,,,7.0,5.0,4.0,,,5.0,4.0,0.0,,5.0,5.0,,0.0,,6.0,,0.0,8.0,2.0,,5.0,,,9.0,,,,,5.0,1.0,5.0,,,,8.0,6.0,,5.0,3.0,2.0,
4.0,,,,,,6.0,9.0,,,,10.0,,,,,,,,,,,4.0,,6.0,,3.0,7.0,,,1.0,,,,,,7.0,5.0,,10.0,,,,,,,,,,,10.0
4.0,,,,,,7.0,2.0,,,,10.0,,,,0.0,3.0,,,,0.0,2.0,2.0,,3.0,,6.0,,5.0,,1.0,5.0,,,,,,,,,5.0,,,,2.0,,,,,,3.0
,,,5.0,4.0,5.0,6.0,7.0,,,,,5.0,,,0.0,8.0,,,,,7.0,6.0,,7.0,,,,,,0.0,,,,,,1.0,,5.0,,,,,,7.0,,,5.0,,,6.0
,2.0,,6.0,,,1.0,8.0,,10.0,,,5.0,,,10.0,7.0,6.0,,,7.0,5.0,7.0,8.0,8.0,,8.0,9.0,,,0.0,6.0,,3.0,,,6.0,,,,,,,,,,,3.0,4.0,,10.0
,,,0.0,,,6.0,,,5.0,,6.0,5.0,,,,,1.0,,,6.0,,5.0,,5.0,,8.0,,5.0,,5.0,,,2.0,,,7.0,,,,,,,,,6.0,,,3.0,,
0.0,,,7.0,,,8.0,4.0,,,,6.0,,,,6.0,3.0,,,,0.0,,6.0,7.0,2.0,,1.0,8.0,,,1.0,,,,,,7.0,,,,,,2.0,,,,,,,,
7.0,,,,8.0,,8.0,,,,,5.0,5.0,,,,,,,,,,7.0,,0.0,,9.0,7.0,5.0,,,6.0,,,,,,,,,,,,,,,,,9.0,,
5.0,,4.0,8.0,0.0,,10.0,,,,,,,,,,,,,,,,3.0,,5.0,,,,,,,6.0,,,,,,3.0,,,,7.0,,,7.0,,,,,,
7.0,7.0,6.0,8.0,,6.0,5.0,8.0,,5.0,,,9.0,,,9.0,8.0,7.0,,10.0,9.0,8.0,7.0,6.0,7.0,7.0,6.0,,7.0,,10.0,5.0,,7.0,,,5.0,6.0,6.0,,,,7.0,,7.0,,,,7.0,,5.0
,,,7.0,7.0,,5.0,,,,,,9.0,,,,,,,,,,7.0,,2.0,,8.0,,,,,,,,,,,,,,,,,,,,,,,,2.0
,3.0,5.0,3.0,0.0,,10.0,,,,,,3.0,,,4.0,7.0,,,7.0,,,5.0,,3.0,,7.0,,5.0,,,2.0,,,,,3.0,,4.0,,,,,,7.0,,,,5.0,4.0,5.0
,,10.0,,,,8.0,6.0,,,,7.0,,,,,9.0,,,,5.0,,,,,,,,,,,,,,,,,,,,,,,,,,,,,,
4.0,0.0,8.0,4.0,,,6.0,4.0,,7.0,,8.0,3.0,,,2.0,2.0,,,6.0,,,3.0,5.0,4.0,,8.0,2.0,2.0,,9.0,6.0,,,,,6.0,7.0,,3.0,,,5.0,,,7.0,,6.0,3.0,3.0,5.0
,,,7.0,6.0,,7.0,,,,,,,,,,,,,,,,6.0,,7.0,,,,,,,,,,,,,,,,,,,,,,,,,,
,,,,,,,,,,,,,,,,5.0,,,,6.0,,,0.0,4.0,,4.0,,,,,,,,,,,,,,,,,,,,,,,,
4.0,,7.0,4.0,,,6.0,,10.0,,,,7.0,,,7.0,7.0,5.0,,5.0,,,7.0,,6.0,,5.0,,,,8.0,,,,,,7.0,,,7.0,,,,,4.0,,,3.0,,,6.0
6.0,,,3.0,,8.0,9.0,7.0,,5.0,,,1.0,,,1.0,8.0,7.0,,6.0,5.0,,8.0,7.0,7.0,,,,,,,7.0,,7.0,,,7.0,7.0,,,,6.0,,,,,,6.0,7.0,,6.0
5.0,6.0,0.0,7.0,3.0,8.0,7.0,5.0,,,,6.0,5.0,,,,,,,,0.0,4.0,6.0,,7.0,,0.0,,3.0,,5.0,2.0,,2.0,,4.0,8.0,,,,,,,,2.0,0.0,,2.0,5.0,0.0,4.0
6.0,,,,,,2.0,,,,,7.0,,,,,,,,,,,4.0,,7.0,,0.0,,8.0,,,,,,,,,,,,,,,,,5.0,,,7.0,,
4.0,,,7.0,,,4.0,6.0,,,,8.0,,,,,,,,,10.0,,,,,,,,,,,,,,,,,,,,,,,,,,,,,,5.0
8.0,,,,5.0,,5.0,,,,,7.0,,,,,,,,,,6.0,5.0,,5.0,,4.0,8.0,,,8.0,,,,,,10.0,3.0,,2.0,,,,,,,,,9.0,,
,5.0,3.0,3.0,,5.0,1.0,4.0,5.0,,,,,,,,,,,,3.0,,5.0,6.0,4.0,,,9.0,8.0,,5.0,,,,,,6.0,8.0,,,,,8.0,,5.0,,,,,,5.0
,,7.0,,,6.0,2.0,7.0,2.0,10.0,,7.0,0.0,,,,,,,0.0,7.0,5.0,,10.0,0.0,,4.0,5.0,7.0,,,7.0,,5.0,,,5.0,,,,,7.0,6.0,,,,6.0,,,9.0,
,,,,,,,,,,,,,,,,,,,,,,,,,,,,,,,,,,,,,,,,,,,,,,,,,,
,,,2.0,,,5.0,9.0,,,,,5.0,,,,,,,,,7.0,9.0,,6.0,,,,,,,,,,,,,,,,,,,,,,,,,,
0.0,,,6.0,,,8.0,,,,,,7.0,,,4.0,,,,8.0,,,5.0,,7.0,,6.0,,5.0,,,,,,,,,,,,,,,,8.0,,,4.0,5.0,,5.0
10.0,,8.0,5.0,,6.0,8.0,7.0,,,,6.0,,,,4.0,8.0,,,,7.0,,7.0,6.0,9.0,,4.0,,,,7.0,4.0,,9.0,,,,,,5.0,,,6.0,,,8.0,,9.0,6.0,,5.0
6.0,,5.0,,,,2.0,7.0,,,,2.0,,,,,,,,,0.0,,1.0,,5.0,,3.0,,,,0.0,9.0,,,,,6.0,4.0,,,,,,,,1.0,,,,,
,,,,,,7.0,,,,,6.0,,,,,,,,,,,,,6.0,,7.0,,,,,,,,,,,,,,,,,,,,,,8.0,,
7.0,,6.0,2.0,4.0,8.0,1.0,0.0,,,2.0,2.0,9.0,,,3.0,7.0,7.0,,4.0,9.0,2.0,6.0,9.0,6.0,5.0,0.0,10.0,7.0,,1.0,,,,,,8.0,6.0,8.0,,,,0.0,,5.0,,,,7.0,7.0,6.0
,,,,,,6.0,4.0,,,,,5.0,,,,,,,,,,,,4.0,,,,,,5.0,,,,,,,,4.0,,,,,,,,,,,,
,,,,,,6.0,5.0,,,,7.0,,,,5.0,8.0,,,,,,,,7.0,,,0.0,,,,,,,,,,,,,,,,,,,,,,,8.0
,0.0,5.0,8.0,2.0,,7.0,,,,,,7.0,,,5.0,5.0,,,4.0,,5.0,,,4.0,0.0,4.0,,2.0,,,,,,,,,,,,,,,,2.0,,,,3.0,5.0,
2.0,,,,,,2.0,,,,,,4.0,,,0.0,1.0,5.0,,,,,2.0,,2.0,,5.0,0.0,,,0.0,4.0,,,,,,,,,,,,,7.0,,,5.0,0.0,,7.0
,8.0,6.0,,,,8.0,,,,,,,,,,,,,,,2.0,5.0,,5.0,,,,,,,3.0,,,,,6.0,,,,,,,,,,,,,,
5.0,,,7.0,,,6.0,,,,,,3.0,,,,,,,,,,4.0,,5.0,,4.0,,,,4.0,3.0,,,,,,,,,,,,,,,,,,,
,,5.0,7.0,,,1.0,,,,,,7.0,,,3.0,,,,5.0,,5.0,8.0,,8.0,,6.0,,,,,,,9.0,,,,,5.0,,,,6.0,,5.0,,,,,,
8.0,,5.0,7.0,,,1.0,,,,,,5.0,,,,,,,,,,8.0,,5.0,,8.0,,4.0,,,8.0,,,,,,,,,,,,,8.0,,,7.0,,,8.0
,6.0,5.0,7.0,7.0,2.0,8.0,,,,,1.0,3.0,,,6.0,,,,,1.0,,5.0,,7.0,,,6.0,,,,10.0,,,,,,,4.0,7.0,,,,,4.0,,7.0,,,5.0,
0.0,,2.0,,2.0,1.0,7.0,,,,,,9.0,,,1.0,1.0,1.0,,0.0,,3.0,6.0,,,8.0,0.0,,2.0,,,0.0,4.0,,,,,,3.0,0.0,0.0,4.0,,,2.0,,,1.0,4.0,,4.0
,5.0,0.0,7.0,4.0,3.0,6.0,,,,,8.0,9.0,,,9.0,8.0,,,,,5.0,,7.0,8.0,,,7.0,5.0,,5.0,8.0,0.0,3.0,,,6.0,7.0,,,,4.0,,,7.0,,8.0,,8.0,,6.0
6.0,,5.0,6.0,6.0,,7.0,,,,,10.0,2.0,,,,,,,,,,10.0,5.0,6.0,,0.0,9.0,,,6.0,,,,,,,7.0,,10.0,,,,,7.0,6.0,,,5.0,5.0,
1.0,,,,,,8.0,,,,,1.0,,,,,,,,,,,,5.0,,,,,,,3.0,,3.0,,,,7.0,,,,,,,,,0.0,,,,,
,5.0,7.0,2.0,10.0,,5.0,5.0,,6.0,4.0,6.0,,8.0,,4.0,5.0,,,,,10.0,8.0,,5.0,,1.0,7.0,,,5.0,6.0,,7.0,8.0,,,7.0,6.0,7.0,,5.0,,,5.0,7.0,9.0,5.0,3.0,5.0,
0.0,1.0,0.0,1.0,0.0,,1.0,,,,,,5.0,,,0.0,6.0,9.0,2.0,0.0,0.0,4.0,5.0,,8.0,0.0,0.0,7.0,10.0,,5.0,,,,,,,,0.0,0.0,,,6.0,,0.0,,,0.0,4.0,,0.0
0.0,3.0,0.0,2.0,2.0,3.0,9.0,1.0,2.0,5.0,0.0,3.0,,0.0,4.0,,1.0,,0.0,,,2.0,0.0,6.0,5.0,9.0,5.0,9.0,4.0,4.0,5.0,3.0,2.0,,,6.0,,6.0,2.0,5.0,8.0,,7.0,0.0,,,,10.0,4.0,3.0,3.0
,,,6.0,,,2.0,5.0,,,,,,,,,,,,,9.0,,9.0,,5.0,,6.0,,,,3.0,,,,,,7.0,,,,,,,,,,,,,,3.0
,,,3.0,,,5.0,8.0,,,,,3.0,,,,,,,,6.0,,5.0,7.0,7.0,,,,,,1.0,,,,,,,,,,,,,,,,,,,,
2.0,,,3.0,,,5.0,4.0,,,,10.0,3.0,,,6.0,8.0,,,,7.0,,0.0,,6.0,,5.0,8.0,,,1.0,,,,,,,,,,,,,,8.0,,,,,,
10.0,3.0,,10.0,6.0,,5.0,4.0,,0.0,,10.0,0.0,8.0,,9.0,5.0,,,,0.0,1.0,,5.0,0.0,6.0,,5.0,,2.0,2.0,,7.0,,7.0,8.0,8.0,,,,,0.0,7.0,7.0,8.0,8.0,7.0,7.0,9.0,8.0,8.0
,1.0,,,7.0,,9.0,,,,,,1.0,,,7.0,5.0,,,,,,6.0,,,,10.0,,,,,,,,,,,,,,,,,,,,,,6.0,,
,,,4.0,4.0,,7.0,,,,,,5.0,,,4.0,4.0,,,,,,7.0,,2.0,,,,,,,,,,,,,,,,,,,,8.0,,,,,,
3.0,,,,,,9.0,5.0,,,,,,,,5.0,5.0,,,,,8.0,,,,,,,,,10.0,,,,,,,,,,,,6.0,,,,,,,,
,,,,,,,,,,,,,,,,,,,,,,,,,,,,,,,,,,,,,,,,,,,,,,,,,,
2.0,,,4.0,,,7.0,10.0,,3.0,,8.0,,,,,,,,,5.0,,6.0,7.0,6.0,,,,,5.0,,,,0.0,,,5.0,,,,,,6.0,,,2.0,0.0,,,,
5.0,,,,,,5.0,8.0,,,,,,,,,,,,,,,7.0,3.0,3.0,,7.0,,,,7.0,,,6.0,,,7.0,,,,,,,,,,,,,,
,6.0,1.0,7.0,8.0,,8.0,,3.0,,,,6.0,,,,9.0,,,,,,,,8.0,,5.0,,6.0,,,3.0,,,,,,6.0,,7.0,,,,,10.0,,,,,,10.0
,,,,,,5.0,2.0,,,,5.0,,,,,,,,,,,,,2.0,,,3.0,,,,,,,,,5.0,,,,,,,,,,,,,,
,,,,,,8.0,7.0,,,,,,,,,,,,,,,5.0,,,,6.0,10.0,,,,,,,,,,,,,,,,,,,,,,,
,8.0,8.0,,,,4.0,,,5.0,,6.0,,,,,,,,,,,7.0,,,,,,,,,0.0,,8.0,,,0.0,6.0,4.0,,,,,,,,,,9.0,,
,,,,,,,,,,,,,,,,,,,,,,,,,,,,,,,,,,,,,,,,,,,,,,,,,,
,,,,,,8.0,,,,,,,,,,,,,,,,,,,,,,5.0,,10.0,,,,,,,,,,,,,,,5.0,,,,,
7.0,4.0,3.0,5.0,7.0,,6.0,0.0,,,,5.0,4.0,,,,,0.0,,,,5.0,8.0,,3.0,,6.0,8.0,3.0,,,8.0,,7.0,,,,5.0,,,,,,,7.0,,,,,,
,,,,,,9.0,,,,,,,,,,,,,,,,,,,,0.0,,,,,,,,,,,,,,,,,,,,,,,,
,,,,,,9.0,7.0,,,,,6.0,,,,,,,,,,4.0,,4.0,,5.0,,,,,,,,,,,,,,,,,,,,,,,,
5.0,,,,,,7.0,,,,,7.0,,,,,,,,,,,4.0,,5.0,,7.0,8.0,,,10.0,,,,,,,,,,,,,,,,,,,,
4.0,,,7.0,7.0,,7.0,8.0,,,,1.0,2.0,,,7.0,6.0,,,,2.0,8.0,7.0,5.0,5.0,,7.0,9.0,,,6.0,7.0,,,,,9.0,,,,,,,,6.0,9.0,,,,,
4.0,6.0,9.0,1.0,0.0,,6.0,0.0,,8.0,,10.0,,,,1.0,0.0,5.0,,5.0,,3.0,8.0,1.0,6.0,,6.0,0.0,6.0,,10.0,8.0,3.0,7.0,,,1.0,9.0,2.0,7.0,,5.0,5.0,,1.0,2.0,5.0,7.0,6.0,3.0,1.0
7.0,,3.0,4.0,5.0,,5.0,,,,,,,,,,,,,,,,8.0,,6.0,,,7.0,,,10.0,,,,,,6.0,,,,,,,,,,,,,5.0,
6.0,,3.0,10.0,2.0,,8.0,2.0,,,,8.0,3.0,,,,,,,,7.0,,9.0,,4.0,,3.0,8.0,2.0,,6.0,4.0,,9.0,,,5.0,8.0,,10.0,,,,,,7.0,,,4.0,7.0,
9.0,8.0,8.0,,,,4.0,2.0,8.0,7.0,4.0,2.0,1.0,7.0,2.0,0.0,4.0,0.0,0.0,5.0,1.0,,6.0,0.0,0.0,2.0,,4.0,4.0,2.0,0.0,0.0,0.0,3.0,1.0,2.0,3.0,4.0,,0.0,10.0,8.0,0.0,0.0,10.0,3.0,0.0,0.0,0.0,0.0,
,,,,,,7.0,7.0,,,,5.0,,,,,,,,,,,5.0,,,,6.0,7.0,,,5.0,,,,,,7.0,,,,,,,,,,,,,,
,,,,,,7.0,8.0,,,,5.0,,,,,,,,,,,6.0,,,,7.0,6.0,,,3.0,,,,,,5.0,,,,,,,,,,,,,,
,,,,,,,,,,,,,,,,,,,,,,,,,,,,,,,,,,,,,,,,,,,,,,,,,,
,6.0,,3.0,4.0,,6.0,,,,,,4.0,,,8.0,10.0,,,,,4.0,2.0,,,,2.0,,,,5.0,,,,,,,,,,,,,,7.0,,,,,,
4.0,5.0,3.0,4.0,3.0,,5.0,,,3.0,,5.0,3.0,,7.0,6.0,3.0,6.0,,7.0,,1.0,7.0,10.0,4.0,,8.0,,5.0,,5.0,5.0,,5.0,4.0,,4.0,4.0,5.0,5.0,,4.0,,,5.0,4.0,,5.0,4.0,5.0,
,,,,,,8.0,,,,,,,,,,,,,,,,5.0,,,,,5.0,,,3.0,,,,,,,6.0,,,,,,,,,,,,,
,,,,,,1.0,,,,,,8.0,,,,,,,,,,7.0,,0.0,,6.0,,,,5.0,,,,,,,,,,,,,,,,,,,,0.0
2.0,2.0,8.0,8.0,7.0,,7.0,,,,,,9.0,,,,,,,4.0,8.0,,6.0,,5.0,,4.0,8.0,8.0,,7.0,5.0,,,,,9.0,3.0,,7.0,,,,,6.0,,,,5.0,6.0,
,,,,,,5.0,,,,,,5.0,,,,,,,,,,2.0,,,,7.0,6.0,,,,,,,,,,,,,,,,,,,,,,,
,4.0,,8.0,,,8.0,,,,,,4.0,,,7.0,8.0,,,,,2.0,8.0,,6.0,7.0,,8.0,,,1.0,5.0,,,,,,,6.0,,,,,,,,,,,0.0,
,,,,0.0,,8.0,,,,,7.0,,,,,,,,,5.0,,7.0,,8.0,,0.0,5.0,5.0,,5.0,,,,,,,,,,,,,,,,,,9.0,,
,,,5.0,,,8.0,8.0,,,,,,,,7.0,10.0,,,,8.0,,,,6.0,,3.0,,,,1.0,,,,,,,,,,,,,,5.0,,,,6.0,,
6.0,7.0,6.0,5.0,9.0,5.0,8.0,9.0,8.0,0.0,7.0,6.0,5.0,6.0,6.0,0.0,6.0,8.0,9.0,6.0,8.0,6.0,6.0,6.0,7.0,8.0,7.0,7.0,7.0,7.0,8.0,6.0,9.0,7.0,6.0,9.0,9.0,8.0,8.0,8.0,9.0,8.0,7.0,8.0,7.0,8.0,6.0,6.0,8.0,7.0,7.0
,,,,,,,,,,,,,,,,,,,,,,,,8.0,,8.0,,5.0,,,,,,,,,,,,,,,,,,,,,,
,5.0,6.0,4.0,4.0,,5.0,10.0,,,,,7.0,,,4.0,7.0,,,5.0,,3.0,2.0,,6.0,,7.0,,8.0,,1.0,5.0,,5.0,,,6.0,6.0,3.0,7.0,10.0,,,,6.0,,,2.0,6.0,7.0,1.0
,,5.0,,,,7.0,,,,,2.0,5.0,,,,,,,,,6.0,7.0,7.0,6.0,,7.0,8.0,9.0,,5.0,,,,,,,,,10.0,,,,,,,,,,,
5.0,4.0,4.0,7.0,8.0,,8.0,,,,,10.0,8.0,,,6.0,6.0,,,,,,10.0,,7.0,,0.0,7.0,1.0,,7.0,0.0,,4.0,,,,9.0,,,,,,,5.0,,,2.0,5.0,4.0,4.0
2.0,3.0,5.0,7.0,6.0,,6.0,,,,,7.0,10.0,,,7.0,10.0,,,,,,6.0,,7.0,,0.0,5.0,0.0,,6.0,0.0,,5.0,,,,6.0,,,,,,,8.0,,,4.0,3.0,4.0,3.0
,,,,,,8.0,,,,,,,,,,,,,,,,,,,,,,,,3.0,1.0,,,,,,,,,,,,,,,,,,,
5.0,,,6.0,5.0,,7.0,5.0,,,,,,,,,,,,,6.0,,5.0,4.0,4.0,,7.0,7.0,4.0,,3.0,4.0,,,,,6.0,8.0,,,0.0,,,,,,,,1.0,,3.0
,,,,,,6.0,6.0,,,,,3.0,,,,,,,,,,,,,,,,,,,,,,,,,,,,,,,,,,,,4.0,,
,,0.0,,,4.0,,9.0,,,,,4.0,,,,4.0,,,,8.0,,8.0,10.0,3.0,,3.0,,3.0,,2.0,,,,,,5.0,8.0,,,,,,,,9.0,,,9.0,3.0,
0.0,6.0,7.0,1.0,,5.0,4.0,10.0,,,,,8.0,,,7.0,6.0,,,5.0,,,9.0,,6.0,,7.0,8.0,5.0,,,6.0,,,,,6.0,,7.0,,,,,,7.0,,,7.0,9.0,,9.0
4.0,8.0,5.0,6.0,3.0,,10.0,6.0,,,,,10.0,,,2.0,5.0,4.0,,,,,5.0,5.0,6.0,8.0,7.0,8.0,4.0,,6.0,5.0,,,,,8.0,2.0,4.0,5.0,6.0,,7.0,,7.0,,10.0,5.0,4.0,,0.0
9.0,,5.0,4.0,,,6.0,4.0,,,,9.0,,,,4.0,5.0,,,7.0,6.0,,6.0,,8.0,,6.0,9.0,,,7.0,,,,,,3.0,3.0,,3.0,,,,,,,,,,,8.0
3.0,,8.0,3.0,,,1.0,,,8.0,,5.0,,,,,,0.0,,6.0,,,9.0,,7.0,,9.0,9.0,,,6.0,7.0,,5.0,,,10.0,1.0,,5.0,,,,,10.0,,,,,0.0,6.0
5.0,,,5.0,4.0,,9.0,3.0,,,,,,,,,,,,,6.0,5.0,7.0,7.0,6.0,,6.0,5.0,4.0,,1.0,3.0,,,,,5.0,9.0,,4.0,,,7.0,,6.0,,,,6.0,,
,,,,,,7.0,,,,,,,,,,,,,,,,,,,,5.0,,,,5.0,,,,,,,,,,,,,,,,,,,,6.0
,,,,,,8.0,6.0,,,,,,,,,,,,,,4.0,3.0,,,,6.0,10.0,,,8.0,,,,,,,,,,,,,,,,,,,,
,10.0,,,,,9.0,,,,,,,,,,10.0,,,,,,6.0,,,,,,,,5.0,,,,,,,,,,,,,,,,,,6.0,,
,,,,,,8.0,,,,,,,,,,5.0,,,,,,,,,,8.0,,,,8.0,,,,,,,9.0,,,,,,,,,,,,,
