;nootropic;nootropic_short;type;risk;reddit_link;wiki_link;examine_link
0;5-HTP;5-HTP;other;;https://www.reddit.com/r/Nootropics/wiki/index/#wiki_5-htp;http://en.wikipedia.org/wiki/5htp;http://examine.com/supplements/5-HTP/
1;7,8-dihydroxyflavone;7,8-dihydroxyflavone;other;;https://www.reddit.com/r/Nootropics/wiki/index/#wiki_9-methyl-beta-carboline;https://en.wikipedia.org/wiki/Tropoflavin;https://examine.com/supplements/7-8-dihydroxyflavone/
2;9-MBC;9-MBC;other;;;https://en.wikipedia.org/wiki/9-Methyl-%CE%B2-carboline;
3;ALCAR;ALCAR;other;;https://www.reddit.com/r/Nootropics/wiki/index/#wiki_acetyl-l-carnitine;https://en.wikipedia.org/wiki/Acetylcarnitine;http://examine.com/supplements/L-Carnitine/
4;Adderall;Adderall;classic;https://www.reddit.com/r/Nootropics/wiki/highrisk#wiki_amphetamine;https://www.reddit.com/r/Nootropics/wiki/index/#wiki_amphetamine;https://en.wikipedia.org/wiki/Adderall;
5;Adrafinil;Adrafinil;other;https://www.reddit.com/r/Nootropics/wiki/highrisk#wiki_adrafinil;;https://en.wikipedia.org/wiki/Adrafinil;https://examine.com/supplements/adrafinil/
6;Agmatine;Agmatine;other;;;https://en.wikipedia.org/wiki/Agmatine;https://examine.com/supplements/agmatine/
7;Alpha-GPC;Alpha-GPC;other;;https://www.reddit.com/r/Nootropics/wiki/index/#wiki_alpha-gpc;http://en.wikipedia.org/wiki/Alpha-GPC;http://examine.com/supplements/Alpha-GPC/
8;Alprazolam (Xanax);Alprazolam (Xanax);other;1;;https://en.wikipedia.org/wiki/Alprazolam;
9;Aniracetam;Aniracetam;classic;;https://www.reddit.com/r/Nootropics/wiki/index/#wiki_aniracetam;http://en.wikipedia.org/wiki/aniracetam;http://examine.com/supplements/Aniracetam/
10;Armodafinil;Armodafinil;other;https://www.reddit.com/r/Nootropics/wiki/highrisk#wiki_armodafinil;https://www.reddit.com/r/Nootropics/wiki/index/#wiki_armodafinil;https://en.wikipedia.org/wiki/Armodafinil;
11;Ashwagandha;Ashwagandha;classic;;https://www.reddit.com/r/Nootropics/wiki/index/#wiki_ashwagandha;http://en.wikipedia.org/wiki/Withania_somnifera;http://examine.com/supplements/Ashwagandha/
12;BPC-157;BPC-157;other;https://www.reddit.com/r/Nootropics/wiki/highrisk#wiki_bpc-157;;https://en.wikipedia.org/wiki/BPC-157;https://examine.com/supplements/bpc-157/
13;Bacopa;Bacopa;classic;;https://www.reddit.com/r/Nootropics/wiki/index/#wiki_bacopa_monnieri;http://en.wikipedia.org/wiki/Bacopa_monnieri;http://examine.com/supplements/Bacopa+Monnieri/
14;Berberine;Berberine;other;;;https://en.wikipedia.org/wiki/Berberine;https://examine.com/supplements/berberine/
15;Black Seed Oil;Black Seed Oil;other;;;https://en.wikipedia.org/wiki/Nigella_sativa;https://examine.com/supplements/nigella-sativa/
16;Boswellia;Boswellia;other;;;https://en.wikipedia.org/wiki/Boswellia;https://examine.com/supplements/boswellia-serrata/
17;Bright lights in morning / Dawn simulator;Morning lights;lifestyle;;https://www.reddit.com/r/Nootropics/wiki/index/#wiki_blue_light;https://en.wikipedia.org/wiki/Dawn_simulation;
18;Bromantane;Bromantane;other;;;https://en.wikipedia.org/wiki/Bromantane;
19;Bupropion (Wellbutrin, Zyban...);Bupropion;other;;https://www.reddit.com/r/Nootropics/wiki/index/#wiki_bupropion;https://en.wikipedia.org/wiki/Bupropion;
20;CBD;CBD;classic;;;https://en.wikipedia.org/wiki/Cannabidiol;https://examine.com/supplements/cbd/
21;Caffeine;Caffeine;classic;;https://www.reddit.com/r/Nootropics/wiki/index/#wiki_caffeine;http://en.wikipedia.org/wiki/Caffeine;http://examine.com/supplements/Caffeine/
22;Carnitine / Acetyl-L-Carnitine;Carnitine;other;;;https://en.wikipedia.org/wiki/Carnitine;https://examine.com/supplements/carnitine/
23;Carnivore diet;Carnivore diet;lifestyle;;;https://en.wikipedia.org/wiki/Monotrophic_diet#Carnivore_diet;
24;Cerebrolysin;Cerebrolysin;other;;;https://en.wikipedia.org/wiki/Cerebrolysin;
25;Choline;Choline;classic;;https://www.reddit.com/r/Nootropics/wiki/index/#wiki_cdp-choline;http://en.wikipedia.org/wiki/CDP-Choline;http://examine.com/supplements/CDP-choline/
;Cold shower / Ice bath;Cold shower;lifestyle;;;https://en.wikipedia.org/wiki/Ice_bath;https://examine.com/supplements/cold-exposure/
26;Coluracetam;Coluracetam;other;;https://www.reddit.com/r/Nootropics/wiki/index/#wiki_coluracetam;http://en.wikipedia.org/wiki/Coluracetam;http://examine.com/supplements/Coluracetam/
27;Cordyceps;Cordyceps;other;;;https://en.wikipedia.org/wiki/Cordyceps;https://examine.com/supplements/cordyceps/
28;Creatine;Creatine;classic;;https://www.reddit.com/r/Nootropics/wiki/index/#wiki_creatine;http://en.wikipedia.org/wiki/Creatine;http://examine.com/supplements/Creatine/
29;Curcumin;Curcumin;other;;https://www.reddit.com/r/Nootropics/wiki/index/#wiki_curcumin;http://en.wikipedia.org/wiki/Curcumin;http://examine.com/supplements/Curcumin/
30;DMAE;DMAE;other;;https://www.reddit.com/r/Nootropics/wiki/index/#wiki_dmae;https://en.wikipedia.org/wiki/Dimethylethanolamine;http://examine.com/supplements/dmae/
31;DMHA;DMHA;other;;;https://en.wikipedia.org/wiki/DMHA;
32;Dextroamphetamine;Dextroamphetamine;other;https://www.reddit.com/r/Nootropics/wiki/highrisk#wiki_amphetamine;;https://en.wikipedia.org/wiki/Dextroamphetamine;
33;Dihexa;Dihexa;other;https://www.reddit.com/r/Nootropics/wiki/highrisk#wiki_dihexa;https://www.reddit.com/r/Nootropics/wiki/index/#wiki_dihexa;https://en.wikipedia.org/wiki/Dihexa;
34;Doepezil;Doepezil;other;;https://www.reddit.com/r/Nootropics/wiki/index/#wiki_donepezil;http://en.wikipedia.org/wiki/Donepezil;
35;Emoxypine;Emoxypine;other;;;https://en.wikipedia.org/wiki/Emoxypine;
36;Etifoxine;Etifoxine;other;;;https://en.wikipedia.org/wiki/Etifoxine;
37;Fasoracetam;Fasoracetam;other;;https://www.reddit.com/r/Nootropics/wiki/index/#wiki_fasoracetam;https://en.wikipedia.org/wiki/Fasoracetam;
38;Fermented drinks (Kefir, Kombucha...);Fermented drinks;other;;;https://en.wikipedia.org/wiki/Kefir;https://examine.com/supplements/kefir/
39;GABA;GABA;other;;https://www.reddit.com/r/Nootropics/wiki/index/#wiki_gaba;https://en.wikipedia.org/wiki/Gamma-Aminobutyric_acid;https://examine.com/supplements/gaba/
40;Ginkgo Biloba;Ginkgo Biloba;other;;https://www.reddit.com/r/Nootropics/wiki/index/#wiki_ginkgo_biloba_extract;http://en.wikipedia.org/wiki/Ginkgo_Biloba;http://examine.com/supplements/Ginkgo+Biloba/
41;Ginseng;Ginseng;classic;;https://www.reddit.com/r/Nootropics/wiki/index/#wiki_ginseng_.28asian.2C_panax_ginseng.29;http://en.wikipedia.org/wiki/Panax_ginseng;http://examine.com/supplements/Panax+Ginseng/
42;Glycine;Glycine;other;;https://www.reddit.com/r/Nootropics/wiki/index/#wiki_glycine;https://en.wikipedia.org/wiki/Glycine;https://examine.com/supplements/glycine/
43;Guanfacine;Guanfacine;other;;https://www.reddit.com/r/Nootropics/wiki/index/#wiki_guanfacine;http://en.wikipedia.org/wiki/Guanfacine;
44;High intensity cardio (HIIT, soccer...);High intensity cardio;lifestyle;;https://www.reddit.com/r/Nootropics/wiki/index/#wiki_exercise;https://en.wikipedia.org/wiki/High-intensity_interval_training;
45;Huperzine-A;Huperzine-A;other;;https://www.reddit.com/r/Nootropics/wiki/index/#wiki_huperzine_a;http://en.wikipedia.org/wiki/Huperzine;http://examine.com/supplements/Huperzine-A/
46;IDRA-21;IDRA-21;other;https://www.reddit.com/r/Nootropics/wiki/highrisk#wiki_idra-21;https://www.reddit.com/r/Nootropics/wiki/index/#wiki_idra-21;http://en.wikipedia.org/wiki/IDRA-21;
47;Inositol;Inositol;other;;https://www.reddit.com/r/Nootropics/wiki/index/#wiki_inositol;http://en.wikipedia.org/wiki/Inositol;https://examine.com/supplements/inositol/
;Intermittent fasting;Intermittent fasting;lifestyle;;;https://en.wikipedia.org/wiki/Intermittent_fasting;https://examine.com/supplements/16-8-intermittent-fasting/
48;Kanna (except Zembrin);Kanna;other;;;https://en.wikipedia.org/wiki/Kanna;https://examine.com/supplements/sceletium-tortuosum/
49;Kava;Kava;other;;https://www.reddit.com/r/Nootropics/wiki/index/#wiki_kava;http://en.wikipedia.org/wiki/Kava;http://examine.com/supplements/Kava/
50;Ketogenic diet;Ketogenic diet;lifestyle;;;https://en.wikipedia.org/wiki/Ketogenic_diet;https://examine.com/supplements/keto/
51;Kratom;Kratom;other;1;;https://en.wikipedia.org/wiki/Kratom;
52;L-Deprenyl;L-Deprenyl;other;;https://www.reddit.com/r/Nootropics/wiki/index/#wiki_selegiline_.28l-deprenyl.29;https://en.wikipedia.org/wiki/L-Deprenyl;
53;LSD (microdose);LSD (micro);other;https://www.reddit.com/r/Nootropics/wiki/highrisk#wiki_lsd;https://www.reddit.com/r/Nootropics/wiki/index/#wiki_psychedelics;https://en.wikipedia.org/wiki/Psychedelic_microdosing;
54;Lemon balm;Lemon balm;other;;https://www.reddit.com/r/Nootropics/wiki/index/#wiki_melissa_officinalis_.28lemon_balm.29;http://en.wikipedia.org/wiki/Lemon_balm;http://examine.com/supplements/Melissa+officinalis/
55;Lion's Mane;Lion's Mane;other;;;https://en.wikipedia.org/wiki/Hericium_erinaceus;https://examine.com/supplements/lionsmane/
56;Low intensity cardio (hiking, light jogging...);Low intensity cardio;lifestyle;;https://www.reddit.com/r/Nootropics/wiki/index/#wiki_exercise;https://en.wikipedia.org/wiki/Aerobic_exercise;
57;MAOIs (except Selegiline);MAOIs;other;1;;https://en.wikipedia.org/wiki/MAOIs;
58;Maca;Maca;other;;;https://en.wikipedia.org/wiki/Maca;https://examine.com/supplements/maca/
59;Magnesium;Magnesium;classic;;https://www.reddit.com/r/Nootropics/wiki/index/#wiki_magnesium_l-threonate;https://en.wikipedia.org/wiki/Magnesium;https://examine.com/supplements/magnesium/#summary16-6
60;Meditation;Meditation;lifestyle;;https://www.reddit.com/r/Nootropics/wiki/index/#wiki_meditation;https://en.wikipedia.org/wiki/Meditation;https://examine.com/supplements/meditation/
61;Melatonin;Melatonin;classic;;https://www.reddit.com/r/Nootropics/wiki/index/#wiki_melatonin;https://en.wikipedia.org/wiki/Melatonin;https://examine.com/supplements/melatonin/
62;Methylene blue;Methylene blue;other;https://www.reddit.com/r/Nootropics/wiki/highrisk#wiki_methylene_blue;https://www.reddit.com/r/Nootropics/wiki/index/#wiki_methylene_blue;https://en.wikipedia.org/wiki/Methylene_blue;
63;Methylliberine (aka Dynamine);Methylliberine;other;;;https://en.wikipedia.org/wiki/Methylliberine;
64;Methylphenidate (Ritalin);Methylphenidate;other;;https://www.reddit.com/r/Nootropics/wiki/index/#wiki_methylphenidate_.28ritalin.29;http://en.wikipedia.org/wiki/Methylphenidate;
65;Modafinil;Modafinil;classic;https://www.reddit.com/r/Nootropics/wiki/highrisk#wiki_modafinil;https://www.reddit.com/r/Nootropics/wiki/index/#wiki_modafinil;http://en.wikipedia.org/wiki/Modafinil;https://examine.com/supplements/modafinil/
66;N-Acetyl-L-Tyrosine;N-Acetyl-L-Tyrosine;other;;;https://en.wikipedia.org/wiki/N-Acetyl-L-tyrosine;https://examine.com/supplements/l-tyrosine/
67;N-acetyl Cysteine (NAC);NAC;other;;;https://en.wikipedia.org/wiki/NAC;
68;N-methyl-cyclazodone;N-methyl-cyclazodone;other;;;https://en.wikipedia.org/wiki/Cyclazodone;
69;NSI-189;NSI-189;other;;;https://en.wikipedia.org/wiki/NSI-189;
70;Nefiracetam;Nefiracetam;other;;;https://en.wikipedia.org/wiki/Nefiracetam;https://examine.com/supplements/nefiracetam/
71;Niacin;Niacin;other;;;https://en.wikipedia.org/wiki/Niacin;
72;Nicotinamide mononucleotide;Nicotinamide mononucleotide;other;;https://www.reddit.com/r/Nootropics/wiki/index/#wiki_nicotinamide_mononucleotide;https://en.wikipedia.org/wiki/Nicotinamide_mononucleotide;https://examine.com/supplements/anti-aging-and-longevity/
73;Nicotinamide riboside;Nicotinamide riboside;other;;https://www.reddit.com/r/Nootropics/wiki/index/#wiki_nicotinamide_riboside;https://en.wikipedia.org/wiki/Nicotinamide_riboside;https://examine.com/supplements/anti-aging-and-longevity/
74;Nicotine;Nicotine;classic;;https://www.reddit.com/r/Nootropics/wiki/index/#wiki_nicotine;http://en.wikipedia.org/wiki/Nicotine;http://examine.com/supplements/Nicotine/
75;No Fap (or otherwise avoiding masturbation);No Fap;lifestyle;;;https://en.wikipedia.org/wiki/NoFap;
76;Noopept;Noopept;classic;;https://www.reddit.com/r/Nootropics/wiki/index/#wiki_noopept;http://en.wikipedia.org/wiki/Noopept;http://examine.com/supplements/Noopept/
77;Omega-3 Supplements;Omega-3;classic;;https://www.reddit.com/r/Nootropics/wiki/index/#wiki_omega_3;http://en.wikipedia.org/wiki/Omega_3;
78;Oxiracetam;Oxiracetam;other;;https://www.reddit.com/r/Nootropics/wiki/index/#wiki_oxiracetam;http://en.wikipedia.org/wiki/Oxiracetam;https://examine.com/supplements/oxiracetam/
79;P21;P21;other;;;https://en.wikipedia.org/wiki/P21;
80;PRL-8-53;PRL-8-53;other;;https://www.reddit.com/r/Nootropics/wiki/index/#wiki_prl-8-53;https://en.wikipedia.org/wiki/PRL-8-53;https://examine.com/supplements/prl-8-53/
;Paleo diet;Paleo diet;lifestyle;;;https://en.wikipedia.org/wiki/Paleolithic_diet;https://examine.com/supplements/paleolithic-diet/
81;Palmitoylethanolamide;Palmitoylethanolamide;other;;;https://en.wikipedia.org/wiki/Palmitoylethanolamide;
82;Phenibut;Phenibut;classic;https://www.reddit.com/r/Nootropics/wiki/highrisk#wiki_phenibut;https://www.reddit.com/r/Nootropics/wiki/index/#wiki_phenibut;https://en.wikipedia.org/wiki/Phenibut;
83;Phenylpiracetam;Phenylpiracetam;other;;https://www.reddit.com/r/Nootropics/wiki/index/#wiki_phenylpiracetam;http://en.wikipedia.org/wiki/Phenylpiracetam;http://examine.com/supplements/Phenylpiracetam/
84;Phosphatidylserine;Phosphatidylserine;other;;;https://en.wikipedia.org/wiki/Phosphatidylserine;https://examine.com/supplements/phosphatidylserine/
85;Picamilon;Picamilon;other;;;https://en.wikipedia.org/wiki/Picamilon;
86;Piracetam;Piracetam;classic;;https://www.reddit.com/r/Nootropics/wiki/index/#wiki_piracetam;http://en.wikipedia.org/wiki/Piracetam;http://examine.com/supplements/Piracetam/
87;Polygala tenuifolia;Polygala tenuifolia;other;;https://www.reddit.com/r/Nootropics/wiki/index/#wiki_polygala_tenuifolia_.28bt-11.29;http://en.wikipedia.org/wiki/Polygala_tenuifolia;
88;Pramiracetam;Pramiracetam;other;;https://www.reddit.com/r/Nootropics/wiki/index/#wiki_pramiracetam;http://en.wikipedia.org/wiki/Pramiracetam;https://examine.com/supplements/pramiracetam/
89;Pregenolone;Pregenolone;other;;;https://en.wikipedia.org/wiki/Pregnenolone;
90;Probiotics;Probiotics;other;;https://www.reddit.com/r/Nootropics/wiki/index/#wiki_probiotic;https://en.wikipedia.org/wiki/Probiotics;https://examine.com/supplements/probiotic/
91;Psilocybin (microdose);Psilocybin (micro);other;;https://www.reddit.com/r/Nootropics/wiki/index/#wiki_psychedelics;https://en.wikipedia.org/wiki/Psychedelic_microdosing;
92;RGPU-95 (Cebaracetam...);RGPU-95;other;;;https://en.wikipedia.org/wiki/Cebaracetam;
93;Red reishi mushrooms;Red reishi mushrooms;other;;;https://en.wikipedia.org/wiki/Lingzhi_(mushroom)#:~:text=Lingzhi%2C%20Ganoderma%20lingzhi%2C%20also%20known,cork%2Dlike%2C%20and%20flat.;
94;Rhodiola;Rhodiola;classic;;https://www.reddit.com/r/Nootropics/wiki/index/#wiki_rhodiola_rosea;http://en.wikipedia.org/wiki/Rhodiola_rosea;http://examine.com/supplements/Rhodiola+Rosea/
95;SAM-e;SAM-e;other;;;https://en.wikipedia.org/wiki/SAM-e;https://examine.com/supplements/s-adenosyl-methionine/
96;SNRIs (Cymbalta, Effexor...);SNRIs;other;;;https://en.wikipedia.org/wiki/SNRIs;
97;SSRIs (Prozac, Lexapro...);SSRIs;other;;;https://en.wikipedia.org/wiki/SSRIs;
98;Saffron;Saffron;other;;;https://en.wikipedia.org/wiki/Saffron;https://examine.com/supplements/saffron/
99;Sarcosine;Sarcosine;other;;;https://en.wikipedia.org/wiki/Sarcosine;https://examine.com/supplements/sarcosine/
100;Selank (or NA-Selank etc);Selank;other;https://www.reddit.com/r/Nootropics/wiki/highrisk#wiki_n-acetyl_selank;;https://en.wikipedia.org/wiki/Selank;
101;Selegiline;Selegiline;other;;https://www.reddit.com/r/Nootropics/wiki/index/#wiki_selegiline_.28l-deprenyl.29;https://en.wikipedia.org/wiki/Selegiline;
102;Semax (or NA-Semax etc);Semax;other;https://www.reddit.com/r/Nootropics/wiki/highrisk#wiki_n-acetyl_semax;;https://en.wikipedia.org/wiki/Semax;
103;Shilajit;Shilajit;other;;;https://en.wikipedia.org/wiki/Shilajit;https://examine.com/supplements/shilajit/
104;St John's Wort;St John's Wort;other;;https://www.reddit.com/r/Nootropics/wiki/index/#wiki_st._john.27s_wort;https://en.wikipedia.org/wiki/Hypericum_perforatum;https://examine.com/supplements/hypericum-perforatum/
105;Sulbutiamine;Sulbutiamine;other;;https://www.reddit.com/r/Nootropics/wiki/index/#wiki_sulbutiamine;https://en.wikipedia.org/wiki/Sulbutiamine;https://examine.com/supplements/sulbutiamine/
106;Sunifiram;Sunifiram;other;https://www.reddit.com/r/Nootropics/wiki/highrisk#wiki_sunifiram;https://www.reddit.com/r/Nootropics/wiki/index/#wiki_sunifiram;http://en.wikipedia.org/wiki/Sunifram;http://examine.com/supplements/Sunifiram/
107;Taurine;Taurine;other;;;https://en.wikipedia.org/wiki/Taurine;https://examine.com/supplements/taurine/
108;Theacrine (aka Teacrine);Theacrine;other;;https://www.reddit.com/r/Nootropics/wiki/index/#wiki_theacrine;https://en.wikipedia.org/wiki/Theacrine;https://examine.com/supplements/theacrine/
109;Theanine;Theanine;classic;;https://www.reddit.com/r/Nootropics/wiki/index/#wiki_l-theanine;http://en.wikipedia.org/wiki/Theanine;http://examine.com/supplements/Theanine/
110;Tianeptine;Tianeptine;other;;https://www.reddit.com/r/Nootropics/wiki/index/#wiki_tianeptine;https://en.wikipedia.org/wiki/Tianeptine;
111;Trying to get less sleep;Less sleep;lifestyle;;https://www.reddit.com/r/Nootropics/wiki/index/#wiki_sleep;https://en.wikipedia.org/wiki/Wake_therapy;
112;Trying to get more sleep;More sleep;lifestyle;;https://www.reddit.com/r/Nootropics/wiki/index/#wiki_sleep;;
113;Tryptophan;Tryptophan;other;;;https://en.wikipedia.org/wiki/Tryptophan;https://examine.com/supplements/tryptophan/
114;Tyrosine;Tyrosine;other;;https://www.reddit.com/r/Nootropics/wiki/index/#wiki_tyrosine;http://en.wikipedia.org/wiki/Tyrosine;http://examine.com/supplements/L-Tyrosine/
115;Unifiram;Unifiram;other;https://www.reddit.com/r/Nootropics/wiki/highrisk#wiki_unifiram;;https://en.wikipedia.org/wiki/Unifiram;
116;Uridine;Uridine;other;;https://www.reddit.com/r/Nootropics/wiki/index/#wiki_uridine;http://en.wikipedia.org/wiki/Uridine;http://examine.com/supplements/Uridine/
117;Valerian Root;Valerian Root;other;;https://www.reddit.com/r/Nootropics/wiki/index/#wiki_valerian_.28valeriana_officinalis.29;http://en.wikipedia.org/wiki/Valerian_%28herb%29;http://examine.com/supplements/Valerian/
118;Vegan diet;Vegan diet;lifestyle;;;https://en.wikipedia.org/wiki/Vegan_nutrition;https://examine.com/supplements/vegan/
119;Vegetarian diet;Vegetarian diet;lifestyle;;;https://en.wikipedia.org/wiki/Plant-based_diet;
120;Weightlifting;Weightlifting;lifestyle;;https://www.reddit.com/r/Nootropics/wiki/index/#wiki_exercise;https://en.wikipedia.org/wiki/Weightlifting;https://examine.com/nutrition/what-are-the-benefits-of-resistance-training/
121;White jelly mushrooms;White jelly mushrooms;other;;;https://en.wikipedia.org/wiki/Tremella_fuciformis;
122;Zembrin;Zembrin;other;;https://www.reddit.com/r/Nootropics/wiki/index/#wiki_zembrin;https://en.wikipedia.org/wiki/Sceletium_tortuosum;https://examine.com/supplements/sceletium-tortuosum/